id,name,type,district,taluk,address,latitude,longitude,recognition_status,contact_phone,contact_email,official_source_id,last_verified,geocoding_status,geocoding_source,geocoded_at,geocoding_confidence,geocoding_query
tc-001,"Government Tool Room and Training Centre, Rajajinagar",KSDC-centre,Bengaluru Urban,,REQUIRES OFFICIAL SOURCE VERIFICATION,,,govt-recognized,,,src-018,2026-09-05,FAILED,,,NONE,
tc-002,"Government Industrial Training Institute, Gundlupete",govt-ITI,Chamarajanagar,Gundlupete,REQUIRES OFFICIAL SOURCE VERIFICATION,,,govt-recognized,,,src-019,2026-09-05,FAILED,,,NONE,
tc-003,ITI Directorate of Employment & Training (DET) — Mysuru Division Office,govt-ITI,Mysuru,,REQUIRES OFFICIAL SOURCE VERIFICATION,,,govt-recognized,,,src-020,2026-09-05,FAILED,,,NONE,
tc-004,National Skill Training Institute (NSTI) Bengaluru,NSTI-central-institute,Bengaluru Urban,,"Outer Ring Road, Yeswanthpur, Bengaluru - 560022",13.032496,77.540702,govt-recognized,(080)29524112,nsti-bengaluru1@dgt.gov.in,src-021,2026-09-05,SUCCESS,osm-nominatim,2026-09-06T06:19:35.458737+00:00,HIGH,"Outer Ring Road, Bengaluru, Karnataka, India"
tc-005,National Skill Training Institute for Women (NSTI-W) Bengaluru,NSTI-central-institute,Bengaluru Urban,,"Lakkasandra, Hombegowda Nagar, Bengaluru, Karnataka 560029",12.942941,77.597391,govt-recognized,080 2656 1955,nstiw-bengaluru@dgt.gov.in,src-022,2026-09-05,SUCCESS,osm-nominatim,2026-09-06T06:19:35.459501+00:00,HIGH,"Lakkasandra, Bengaluru, Karnataka, India"
tc-006,Raman Industrial Training Centre Kamakshi Palya,Private ITI,Bengaluru Urban,,134 Kamalighi Palaya,,,private-recognized,9916579365,,src-024,2026-09-05,FAILED,,,LOW,"Kamalighi Palaya, Bengaluru, Karnataka, India"
tc-007,St Joseph Industrial Training Centre,Private ITI,Bengaluru Urban,,Ourlady Fatima Church H.M.T Post,12.970336,77.595084,private-recognized,,,src-024,2026-09-05,SUCCESS,osm-nominatim,2026-09-06T06:19:35.460338+00:00,HIGH,"St Joseph, Bengaluru, Karnataka, India"
tc-008,Muslim Orphanage Industrial Training Centre,Private ITI,Bengaluru Urban,,43 Dickenson Road,12.97448,77.614087,private-recognized,8025572059,,src-024,2026-09-05,SUCCESS,osm-nominatim,2026-09-06T06:19:35.460626+00:00,HIGH,"Dickenson Road, Bengaluru, Karnataka, India"
tc-009,"Globe I.T.C., Obalappa Garden, Bangalore",Private ITI,Bengaluru Urban,,"Obalappa Garden, Bangalore",,,private-recognized,9241409517,,src-024,2026-09-05,FAILED,,,LOW,"Obalappa Garden, Bengaluru, Karnataka, India"
tc-010,Sri Ayyappan I.T.C,Private ITI,Bengaluru Urban,,"MM Road Cross, JayaMahal, Nandidurg Road",12.974353,77.638576,private-recognized,08023433008,,src-024,2026-09-05,SUCCESS,osm-nominatim,2026-09-06T06:19:35.460980+00:00,HIGH,"MM Road Cross, Bengaluru, Karnataka, India"
tc-011,Bhuvan Industrial Training Centre Venkatala,Private ITI,Bengaluru Urban,,Venkatala Yalahnka,,,private-recognized,9448014408,,src-024,2026-09-05,FAILED,,,LOW,"Venkatala Yalahnka, Bengaluru, Karnataka, India"
tc-012,M V M Industrial Training Centre,Private ITI,Bengaluru Urban,,"15,16,17 Gangadhra Chetty Road Ulsoor lake",12.99447,77.593655,private-recognized,8025323255,,src-024,2026-09-05,SUCCESS,osm-nominatim,2026-09-06T06:19:35.461310+00:00,HIGH,"M V M, Bengaluru, Karnataka, India"
tc-013,M.C.E.B.T.I. Industrial Training Centre,Private ITI,Bengaluru Urban,,"No.87, 10th main road 3rd phase 3rd Block, Manjunath Nagar Rajajinagar-10",,,private-recognized,8792866664,,src-024,2026-09-05,FAILED,,,LOW,"M C E B T I, Bengaluru, Karnataka, India"
tc-014,The Association of Physically Handicapped Trg. Cen.,Private ITI,Bengaluru Urban,,Lingarajpuram Hennur Road,13.008744,77.622151,private-recognized,080-25805051,,src-024,2026-09-05,SUCCESS,osm-nominatim,2026-09-06T06:19:35.461806+00:00,HIGH,"Lingarajpuram Hennur Road, Bengaluru, Karnataka, India"
tc-015,NTTF Industrial Training Centre,Private ITI,Bengaluru Urban,,"# 40/40A, Electronic City, Hosur Road",12.856798,77.663238,private-recognized,080-42623513,,src-024,2026-09-05,SUCCESS,osm-nominatim,2026-09-06T06:19:35.462126+00:00,HIGH,"Electronic City, Bengaluru, Karnataka, India"
tc-016,Ghousia Industrial Training Institute,Private ITI,Bengaluru Urban,,Hosur Road Dharma Ram College,12.943002,77.594438,private-recognized,080-25536268,,src-024,2026-09-05,SUCCESS,osm-nominatim,2026-09-06T06:19:35.462310+00:00,HIGH,"Ghousia, Bengaluru, Karnataka, India"
tc-017,Maulana Azad National Urdu University-ITC,Private ITI,Bengaluru Urban,,"CA. Site No(P) 2, Jnanabharthi Layout 3rd Block Vaegarihalli R.V.C Post Bangalore-560059",12.923778,77.495786,private-recognized,8023181726,,src-024,2026-09-05,SUCCESS,osm-nominatim,2026-09-06T06:19:35.462591+00:00,HIGH,"560059, Bengaluru, Karnataka, India"
tc-018,The Technical Training Centre for the Deaf,Private ITI,Bengaluru Urban,,"No:28/2, Haines Road, Near New Bamboo Bazaar",12.998861,77.610273,private-recognized,8025553255,,src-024,2026-09-05,SUCCESS,osm-nominatim,2026-09-06T06:19:35.462912+00:00,HIGH,"Haines Road, Bengaluru, Karnataka, India"
tc-019,St. Patrick's ITC,Private ITI,Bengaluru Urban,,"15-K, Brigade Road Bangalore",12.973473,77.607319,private-recognized,080-25321271,,src-024,2026-09-05,SUCCESS,osm-nominatim,2026-09-06T06:19:35.463180+00:00,HIGH,"Brigade Road Bangalore, Bengaluru, Karnataka, India"
tc-020,Ashok Private ITI,Private ITI,Bengaluru Urban,,"No. 8, K.B.C. Complex, Jalahalli Cross, T. Dasarahalli",13.039888,77.51836,private-recognized,9448054653,,src-024,2026-09-05,SUCCESS,osm-nominatim,2026-09-06T06:19:35.463505+00:00,HIGH,"Jalahalli Cross, Bengaluru, Karnataka, India"
tc-021,Pragathi Industrial Training Centre,Private ITI,Bengaluru Rural,,Fort Street Vijaypura,,,private-recognized,080-27668408,,src-024,2026-09-05,FAILED,,,LOW,"Fort Street Vijaypura, Bengaluru Rural, Karnataka, India"
tc-022,J C S Industrial Training Institute Nelamangala,Private ITI,Bengaluru Rural,,Nelamangala,13.095302,77.396359,private-recognized,080-27723581,,src-024,2026-09-05,SUCCESS,osm-nominatim,2026-09-06T06:19:35.464127+00:00,HIGH,"Nelamangala, Bengaluru Rural, Karnataka, India"
tc-023,Sri Banashankari ITC,Private ITI,Bengaluru Rural,,"# 37, Parvartha Pura Road, Devanhalli, Bangalore",,,private-recognized,9611290415,,src-024,2026-09-05,FAILED,,,LOW,"Parvartha Pura Road, Bengaluru Rural, Karnataka, India"
tc-024,J S S Industrial Training Institute Nanjangud,Private ITI,Mysuru,,"Plot No. CA-10, KIADB Thandya Industrial Area, Thandya-571302, Nanjangud",12.180052,76.741856,private-recognized,0821-223095,,src-024,2026-09-05,SUCCESS,osm-nominatim,2026-09-06T06:19:35.464908+00:00,HIGH,"571302, Mysuru, Karnataka, India"
tc-025,"Sri Nanjundeshwara Industrail Training Centre, Kadakola",Private ITI,Mysuru,,"Kadakola, Nanjangud Taluk",12.192722,76.664523,private-recognized,0821-2596379,,src-024,2026-09-05,SUCCESS,osm-nominatim,2026-09-06T06:19:35.465420+00:00,HIGH,"Kadakola, Mysuru, Karnataka, India"
tc-026,Sri Nanjunda Shivayageshwara ITI,Private ITI,Mysuru,,Gavadagere Hunsur Tq.,,,private-recognized,08222-248755,,src-024,2026-09-05,FAILED,,,LOW,"Gavadagere Hunsur, Mysuru, Karnataka, India"
tc-027,Jnanabyaveshwara Industrail Training Centre,Private ITI,Mysuru,,Saligrama K.R Nagar,,,private-recognized,9916921694,,src-024,2026-09-05,FAILED,,,LOW,"Saligrama K.R Nagar, Mysuru, Karnataka, India"
tc-028,"B M M Pvt ITI, Bannur",Private ITI,Mysuru,,"opp CESC, Bannur, Taluku T. Narsipura",12.322419,76.629682,private-recognized,08227-275587,,src-024,2026-09-05,SUCCESS,osm-nominatim,2026-09-06T06:19:35.465998+00:00,HIGH,"CESC, Mysuru, Karnataka, India"
tc-029,Jagruthi ITC,Private ITI,Mysuru,,"7th Block, B.M. Road, Periyapatna",,,private-recognized,9900119355,,src-024,2026-09-05,FAILED,,,LOW,"th Block, Mysuru, Karnataka, India"
tc-030,"Smt Puttathayamma Mariyappa ITC, K.R Nagar",Private ITI,Mysuru,,Sri Rama Block K.R Nagar,,,private-recognized,9845389089,,src-024,2026-09-05,FAILED,osm-nominatim,,LOW,"Sri Rama .R Nagar, Karnataka, India"
tc-031,Glo Tec ITC,Private ITI,Mysuru,,"ID-3, Hootagalli Industrial Area",12.335646,76.5945,private-recognized,0821-2403838,,src-024,2026-09-05,SUCCESS,osm-nominatim,2026-09-06T06:19:35.466619+00:00,HIGH,"Hootagalli Industrial Area, Mysuru, Karnataka, India"
tc-032,Sri Sathya Sai ITC Hunsur,Private ITI,Mysuru,,Hunsur,,,private-recognized,08222-250603,,src-024,2026-09-05,AMBIGUOUS,osm-nominatim,,AMBIGUOUS,"Hunsur, Mysuru, Karnataka, India"
tc-033,"Sri Pravardhana ITI, K.R Nagar",Private ITI,Mysuru,,"Mysore Road, K R Nagar",,,private-recognized,9886411493,,src-024,2026-09-05,AMBIGUOUS,osm-nominatim,,AMBIGUOUS,"Mysore Road, Mysuru, Karnataka, India"
tc-034,The National Institute of Industrial Education I.T.C,Private ITI,Mysuru,,"No. 65 Industrial area, Visweswarayya Nagar",12.360233,76.633949,private-recognized,0821-2480137,,src-024,2026-09-05,SUCCESS,osm-nominatim,2026-09-06T06:19:35.467353+00:00,HIGH,"Industrial area, Mysuru, Karnataka, India"
tc-035,MESCO Industrial Training Institute,Private ITI,Mysuru,,"37/1, Link Road N R Mohalla",12.303239,76.645627,private-recognized,0821-2491799,,src-024,2026-09-05,SUCCESS,osm-nominatim,2026-09-06T06:19:35.467537+00:00,HIGH,"MESCO, Mysuru, Karnataka, India"
tc-036,St. Philomena's Industrial Training Centre,Private ITI,Mysuru,,B N Road,12.294095,76.627588,private-recognized,0821-3293999,,src-024,2026-09-05,SUCCESS,osm-nominatim,2026-09-06T06:19:35.467728+00:00,HIGH,"B N Road, Mysuru, Karnataka, India"
tc-037,M E S Industrial Training Centre,Private ITI,Mysuru,,"Eidgah Ground, Umar Khayam Road, Tilak Nagar, Mysore 570001",12.31414,76.644151,private-recognized,0821-2494654,,src-024,2026-09-05,SUCCESS,osm-nominatim,2026-09-06T06:19:35.467972+00:00,HIGH,"570001, Mysuru, Karnataka, India"
tc-038,Sri Guru Channamallikarjuna Private ITI,Private ITI,Mysuru,,"Opp. Taluk Office, T.Narasipura",12.307218,76.664289,private-recognized,08221-221701,,src-024,2026-09-05,SUCCESS,osm-nominatim,2026-09-06T06:19:35.468437+00:00,HIGH,"Office, Mysuru, Karnataka, India"
tc-039,Sri Mahanteshwara Vidhya Varthaka Sangha Industrial Training Centre,Private ITI,Kalaburagi,,Afzalpur,17.200576,76.360578,private-recognized,9535598581,,src-024,2026-09-05,SUCCESS,osm-nominatim,2026-09-06T06:19:35.468810+00:00,HIGH,"Afzalpur, Kalaburagi, Karnataka, India"
tc-040,H.K.E.S Industrail Training Institute Nimbarga,Private ITI,Kalaburagi,,Nimbarga,17.386079,76.585342,private-recognized,8440286727,,src-024,2026-09-05,SUCCESS,osm-nominatim,2026-09-06T06:19:35.469065+00:00,HIGH,"Nimbarga, Kalaburagi, Karnataka, India"
tc-041,"Hyderabad Karnataka Education Society's Industrial Training Institute, Kamalapur",Private ITI,Kalaburagi,,"Near DIET, Humanabad Road, Post: Kamalapura",,,private-recognized,08478-221420,,src-024,2026-09-05,FAILED,,,LOW,"DIET, Kalaburagi, Karnataka, India"
tc-042,Kayaka Industrail Training Centre,Private ITI,Kalaburagi,,S.R.G Complex Razavi Road Alanda,,,private-recognized,9663998511,,src-024,2026-09-05,FAILED,,,LOW,"S.R.G Complex Razavi Road Alanda, Kalaburagi, Karnataka, India"
tc-043,"Kudala Sangama Educational Societys Industrial Training Institute, Shahabad",Private ITI,Kalaburagi,,"Near Star Function Hall, Hongunta Road, Shahabad, Tq: Chittapur",,,private-recognized,08474-204760,,src-024,2026-09-05,FAILED,,,LOW,"Star Function Hall, Kalaburagi, Karnataka, India"
tc-044,Kagina Private Industrial Training Institute Adityanagar,Private ITI,Kalaburagi,,Malkhed Road Adityanagar,,,private-recognized,08441-288550,,src-024,2026-09-05,FAILED,,,LOW,"Malkhed Road Adityanagar, Kalaburagi, Karnataka, India"
tc-045,"Jnana Jyothi Industrial Training Centre, Sedam",Private ITI,Kalaburagi,,Sedam,17.177268,77.282355,private-recognized,9449636350,,src-024,2026-09-05,SUCCESS,osm-nominatim,2026-09-06T06:19:35.470312+00:00,HIGH,"Sedam, Kalaburagi, Karnataka, India"
tc-046,Sri Noorandeshwar ITC Jewargi,Private ITI,Kalaburagi,,At Post: Naribol Road Jewargi,,,private-recognized,08442-290163,,src-024,2026-09-05,FAILED,,,LOW,"Naribol Road Jewargi, Kalaburagi, Karnataka, India"
tc-047,Adarsh Educational Trust PROF.P.S.CHOUDARY I..T.I Kalaburagi,Private ITI,Kalaburagi,,Swamy Vivekanand Nagar Near Santosh Colony Aland Road Kalaburagi,,,private-recognized,08472-222858,,src-024,2026-09-05,FAILED,,,LOW,"Swamy Vivekanand Nagar Santosh Colony Aland Road Kalaburagi, Kalaburagi, Karnataka, India"
tc-048,Shree Basaveshwar Industrial Training Centre,Private ITI,Kalaburagi,,At Post: Farhatabad Tq: Kalaburagi,17.182993,76.791694,private-recognized,,,src-024,2026-09-05,SUCCESS,osm-nominatim,2026-09-06T06:19:35.470920+00:00,HIGH,"Farhatabad : Kalaburagi, Kalaburagi, Karnataka, India"
tc-049,Sharana Basaveshwara Industrial Training Centre Chittapur Tq,Private ITI,Kalaburagi,,Chittapur Tq,17.100576,77.047589,private-recognized,9945290836,,src-024,2026-09-05,SUCCESS,osm-nominatim,2026-09-06T06:19:35.471074+00:00,HIGH,"Chittapur, Kalaburagi, Karnataka, India"
tc-050,Sri Gurudatta Industrial Training Centre,Private ITI,Kalaburagi,,"Ganagapur Road, Choudapur, Afzalpur Tq.",17.340746,76.589503,private-recognized,8050612474,,src-024,2026-09-05,SUCCESS,osm-nominatim,2026-09-06T06:19:35.471298+00:00,HIGH,"Ganagapur Road, Kalaburagi, Karnataka, India"
tc-051,Gurukal ITI,Private ITI,Kalaburagi,,"82, Sy No-31 Part of Village Nizampur Near Kamal Narag",,,private-recognized,9845508098,,src-024,2026-09-05,FAILED,,,LOW,"Sy Part of Village Nizampur Kamal Narag, Kalaburagi, Karnataka, India"
tc-052,"National Industrial Training Institute, Kalaburagi",Private ITI,Kalaburagi,,"Hafthagumbad, Darga Road, Kalaburagi",17.278791,76.870511,private-recognized,08472-272025,,src-024,2026-09-05,SUCCESS,osm-nominatim,2026-09-06T06:19:35.471699+00:00,HIGH,"National Kalaburagi, Kalaburagi, Karnataka, India"
tc-053,"Hyderabad Karnataka Education Society's Industrial Training Institute, Kalaburagi",Private ITI,Kalaburagi,,"PDA Engineering College Premises, Kalaburagi",,,private-recognized,08472-2233320,,src-024,2026-09-05,FAILED,,,LOW,"PDA Engineering College Premises, Kalaburagi, Karnataka, India"
tc-054,"Ashrapree Industrail Training Institute Krishnapur, Hubli",Private ITI,Dharwad (Hubballi-Dharwad),,"27/2A Krishnapur Jawahar Nagar Gudihal Road Old-Hubli, Hubli-580024",15.335146,75.128392,private-recognized,0836-2203957,,src-024,2026-09-05,SUCCESS,osm-nominatim,2026-09-06T06:19:35.472142+00:00,HIGH,"580024, Dharwad, Karnataka, India"
tc-055,SSK Hitavardhaka Sangh Y.T Miskin PVT. ITI. Hubli,Private ITI,Dharwad (Hubballi-Dharwad),,"4th Cross, Mayur Nagar, Anand Nagar, Old Hubli, Hubli",15.392901,75.078684,private-recognized,0836-2202296,,src-024,2026-09-05,SUCCESS,osm-nominatim,2026-09-06T06:19:35.472524+00:00,HIGH,"th Cross, Dharwad, Karnataka, India"
tc-056,"Navalagund Taluka Shikshana Samsthe, Navalagund",Private ITI,Dharwad (Hubballi-Dharwad),,Navalagund,,,private-recognized,08380-229074,,src-024,2026-09-05,FAILED,,,LOW,"Navalagund, Dharwad, Karnataka, India"
tc-057,Shri Guru Gorakshanath ITI Tarihal Road Gokul Hubli,Private ITI,Dharwad (Hubballi-Dharwad),,266/1 Tarihal Road Gokul Hubli-580026,15.350742,75.112109,private-recognized,,,src-024,2026-09-05,SUCCESS,osm-nominatim,2026-09-06T06:19:35.473016+00:00,HIGH,"580026, Dharwad, Karnataka, India"
tc-058,"Vijayanand Institute of Technology ITI Varur, Hubli",Private ITI,Dharwad (Hubballi-Dharwad),,Hubli,15.351838,75.137985,private-recognized,,,src-024,2026-09-05,SUCCESS,osm-nominatim,2026-09-06T06:19:35.473200+00:00,HIGH,"Hubli, Karnataka, India"
tc-059,"Sai Sangam ITI, Hubli",Private ITI,Dharwad (Hubballi-Dharwad),,"Sulya Road, Hubli",,,private-recognized,0836-2281327,,src-024,2026-09-05,FAILED,,,LOW,"Sulya Road, Dharwad, Karnataka, India"
tc-060,Sanmith ITI Dharwad,Private ITI,Dharwad (Hubballi-Dharwad),,"Vivekanandanagar, Gopalagowda Extn.",,,private-recognized,0836-6451213,,src-024,2026-09-05,FAILED,,,LOW,"Vivekanandanagar, Dharwad, Karnataka, India"
tc-061,Jnanajyothi ITI Dharwad,Private ITI,Dharwad (Hubballi-Dharwad),,"Jadhav Building, 1st Cross, Marata Colony",,,private-recognized,0836-2444683,,src-024,2026-09-05,FAILED,,,LOW,"Jadhav Building, Dharwad, Karnataka, India"
tc-062,Most Rev. Dr. V P Dandin ITI Dharwad,Private ITI,Dharwad (Hubballi-Dharwad),,"Near CSI College of Commerce, Dharwad",15.456741,75.008934,private-recognized,0836-2442322,,src-024,2026-09-05,SUCCESS,osm-nominatim,2026-09-06T06:19:35.473845+00:00,HIGH,"CSI College of Commerce, Dharwad, Karnataka, India"
tc-063,Jeeveswara Shikehan Samithi ITI Hubli,Private ITI,Dharwad (Hubballi-Dharwad),,"Channapeth Ganjipeth, Old Hubli",,,private-recognized,0836-2237799,,src-024,2026-09-05,FAILED,,,LOW,"Channapeth Ganjipeth, Dharwad, Karnataka, India"
tc-064,"N W K R T C Industrial Training Institute, Hubli",Private ITI,Dharwad (Hubballi-Dharwad),,"Gokul Road, Hubli",15.354982,75.088712,private-recognized,8362333002,,src-024,2026-09-05,SUCCESS,osm-nominatim,2026-09-06T06:19:35.474373+00:00,HIGH,"Gokul Road, Dharwad, Karnataka, India"
tc-065,Sri Dharmastala Manjunathaeshwara Pvt. ITI Sattur Dharwad,Private ITI,Dharwad (Hubballi-Dharwad),,"Dhavalagiri, Sattur P.B.Road",,,private-recognized,0836-2466266,,src-024,2026-09-05,FAILED,,,LOW,"Dhavalagiri, Dharwad, Karnataka, India"
tc-066,Shivanand ITI Dharwad,Private ITI,Dharwad (Hubballi-Dharwad),,At Dharwad,15.45405,75.006652,private-recognized,9008449375,,src-024,2026-09-05,SUCCESS,osm-nominatim,2026-09-06T06:19:35.474718+00:00,HIGH,"At Dharwad, Dharwad, Karnataka, India"
tc-067,"Sai Industrial Training Institute, Dharwad",Private ITI,Dharwad (Hubballi-Dharwad),,Near Basava Colony Opp. Agriculture Colony University,15.3629,75.121709,private-recognized,0836-244277,,src-024,2026-09-05,SUCCESS,osm-nominatim,2026-09-06T06:19:35.475065+00:00,HIGH,"Sai Dharwad, Dharwad, Karnataka, India"
tc-068,"SNVVS Private ITI, Samping Nagar Dharwad",Private ITI,Dharwad (Hubballi-Dharwad),,Adichunchanagiri Mutt Samping Nagar,,,private-recognized,8362113310,,src-024,2026-09-05,FAILED,,,LOW,"Adichunchanagiri Mutt Samping Nagar, Dharwad, Karnataka, India"
tc-069,Vijayanagara Industrial Training Institute,Private ITI,Ballari,,Kamalapura Hospet Tq. Bellary Dt.,,,private-recognized,9916469882,,src-024,2026-09-05,AMBIGUOUS,osm-nominatim,,AMBIGUOUS,"Vijayanagara, Ballari, Karnataka, India"
tc-070,TMAE Societys Sri Thimmaiah Shetty ITI Hagaribommanahalli,Private ITI,Ballari,,Kadalabalu Road Ramanagara Hagaribommanahalli,,,private-recognized,08397-270356,,src-024,2026-09-05,FAILED,,,LOW,"Kadalabalu Road Ramanagara Hagaribommanahalli, Ballari, Karnataka, India"
tc-071,"Sree Jagadguru Kotturswamy ITI, Siruguppa",Private ITI,Ballari,,"Bellary Road, Siruguppa",15.067383,77.035399,private-recognized,9901358099,,src-024,2026-09-05,SUCCESS,osm-nominatim,2026-09-06T06:19:35.475933+00:00,HIGH,"Bellary Road, Ballari, Karnataka, India"
tc-072,S.P.G.U Education Society ITI,Private ITI,Ballari,,Kuduthini,15.198551,76.759428,private-recognized,9741118339,,src-024,2026-09-05,SUCCESS,osm-nominatim,2026-09-06T06:19:35.476105+00:00,HIGH,"Kuduthini, Ballari, Karnataka, India"
tc-073,Yerriswamy Education Trust ITC,Private ITI,Ballari,,"Mullangi Sanjeevappa Street, Bellary",,,private-recognized,8392201729,,src-024,2026-09-05,FAILED,,,LOW,"Mullangi Sanjeevappa Street, Ballari, Karnataka, India"
tc-074,Neelamma Basaveshwara Industrial Training Centre Bellary,Private ITI,Ballari,,"Mullangi Sanjeevappa Street, Bellary",,,private-recognized,8392201729,,src-024,2026-09-05,FAILED,,,LOW,"Mullangi Sanjeevappa Street, Ballari, Karnataka, India"
tc-075,"Sri Gurukottureshwara Rural ITI, Emmiganur",Private ITI,Ballari,,Emmiganur,,,private-recognized,9036551601,,src-024,2026-09-05,FAILED,,,LOW,"Emmiganur, Ballari, Karnataka, India"
tc-076,"Srikari I.T.C., Ranipet, Hospet, Bellary",Private ITI,Ballari,,Hospet,15.273652,76.385619,private-recognized,9880631000,,src-024,2026-09-05,SUCCESS,osm-nominatim,2026-09-06T06:19:35.476697+00:00,HIGH,"Hospet, Ballari, Karnataka, India"
tc-077,T M A E S Industrial Training Institute Hospet,Private ITI,Ballari,,Bellary Road Hospet,15.268583,76.404893,private-recognized,8394265464,,src-024,2026-09-05,SUCCESS,osm-nominatim,2026-09-06T06:19:35.476947+00:00,HIGH,"Bellary Road Hospet, Karnataka, India"
tc-078,Vishweshwaraiya Private ITI Hosapete,Private ITI,Ballari,,"Sandur Road, Hosapete",14.982649,76.518232,private-recognized,,,src-024,2026-09-05,SUCCESS,osm-nominatim,2026-09-06T06:19:35.477140+00:00,HIGH,"Sandur Road, Ballari, Karnataka, India"
tc-079,Dr. B.R. Ambedkar Industrial Training Institute Hospet,Private ITI,Ballari,,Anantha Shayana Gudi Hospet,,,private-recognized,8394226908,,src-024,2026-09-05,FAILED,,,LOW,"Anantha Shayana Gudi Hospet, Ballari, Karnataka, India"
tc-080,"Jagadguru Kotturswamy ITI, Bellary",Private ITI,Ballari,,"Ganesh Gudi Beedi, Bellary",,,private-recognized,9901531845,,src-024,2026-09-05,FAILED,,,LOW,"Ganesh Gudi Beedi, Ballari, Karnataka, India"
tc-081,Sri Hanumanthappa ITI Mariyammanahalli,Private ITI,Ballari,,"Mariyammanahalli, Hospet TQ.",15.161115,76.358454,private-recognized,,,src-024,2026-09-05,SUCCESS,osm-nominatim,2026-09-06T06:19:35.477604+00:00,HIGH,"Mariyammanahalli, Hospet, Karnataka, India"
tc-082,Sri Bharath Industrial Training Centre,Private ITI,Ballari,,Hosa Daroji Post Tq. Sandur,,,private-recognized,8495959501,,src-024,2026-09-05,FAILED,,,LOW,"Hosa Daroji Post . Sandur, Ballari, Karnataka, India"
tc-083,"Shri Kumar Swamy ITI Sandur, Bellary",Private ITI,Ballari,,"Sandur, Sandur (T)",15.083275,76.543411,private-recognized,08395-215593,,src-024,2026-09-05,SUCCESS,osm-nominatim,2026-09-06T06:19:35.477913+00:00,HIGH,"Sandur, Ballari, Karnataka, India"
tc-084,"Sri Veerabadreshwara ITI, Shirur",Private ITI,Bagalkot,,Shirur,16.158549,75.669537,private-recognized,08354-201050,,src-024,2026-09-05,SUCCESS,osm-nominatim,2026-09-06T06:19:35.478046+00:00,HIGH,"Shirur, Bagalkot, Karnataka, India"
tc-085,"Shrimann Madhwacharya Private Industrial Training Institute, Bagalkot",Private ITI,Bagalkot,,Badami Road Near Old APMC Bagalkot,,,private-recognized,08354-220923,,src-024,2026-09-05,FAILED,,,LOW,"Badami Road Old APMC Bagalkot, Bagalkot, Karnataka, India"
tc-086,Vishwa Bharti ITI Telasang,Private ITI,Belagavi,,Tel Sang Athani T.Q,,,private-recognized,08289-285627,,src-024,2026-09-05,FAILED,,,LOW,"Tel Sang Athani T.Q, Belagavi, Karnataka, India"
tc-087,"Komalanna Doddanannavar Bharatesh Pvt ITI, Belgaum",Private ITI,Belagavi,,Basavan Kudachi Extension Belgaum,,,private-recognized,0831-2490051,,src-024,2026-09-05,FAILED,,,LOW,"Basavan Kudachi Extension Belgaum, Belagavi, Karnataka, India"
tc-088,Vidyaniketan Rural I.T.I. Manhalli,Private ITI,Bidar,,Manhalli Tq & Dist Bidar,17.762798,77.504546,private-recognized,,,src-024,2026-09-05,SUCCESS,osm-nominatim,2026-09-06T06:19:35.478624+00:00,HIGH,"Manhalli & Bidar, Bidar, Karnataka, India"
tc-089,Hind I.T.I. Mahadev Complex Udgir Road Shiv Nagar Bidar,Private ITI,Bidar,,"Near, Papnash Gate Mahadev Complex Udgir Road Bidar",,,private-recognized,08482-226935,,src-024,2026-09-05,FAILED,,,LOW,"Papnash Gate Mahadev Complex Udgir Road Bidar, Bidar, Karnataka, India"
tc-090,Shri Sanganabasaveshwar Private industrial Training institute Lachyan,Private ITI,Vijayapura,,Post Lachyan Tq Indi,,,private-recognized,9632373222,,src-024,2026-09-05,FAILED,,,LOW,"Post Lachyan Indi, Vijayapura, Karnataka, India"
tc-091,"Karnataka ITI, Sindhagi",Private ITI,Vijayapura,,Sindhagi,,,private-recognized,,,src-024,2026-09-05,FAILED,,,LOW,"Sindhagi, Vijayapura, Karnataka, India"
tc-092,JSS Private Industrial Training Institute,Private ITI,Chamarajanagar,,"Main Road, Mariyala",11.929324,76.942012,private-recognized,08226-230170,,src-024,2026-09-05,SUCCESS,osm-nominatim,2026-09-06T06:19:35.479267+00:00,HIGH,"Main Road, Chamarajanagar, Karnataka, India"
tc-093,Sri Vivekananda Industrial Training Institute,Private ITI,Chamarajanagar,,B R Hills Yalandur,,,private-recognized,08226-240170,,src-024,2026-09-05,FAILED,,,LOW,"B R Hills Yalandur, Chamarajanagar, Karnataka, India"
tc-094,Sir M. Visveswaraiah Industrial Training Institute,Private ITI,Chikkaballapura,,C.V.V.Campus,,,private-recognized,08156-263077,,src-024,2026-09-05,FAILED,,,LOW,"C.V.V.Campus, Chikkaballapura, Karnataka, India"
tc-095,S.R.S Industrial Training Centre Begepalli Town,Private ITI,Chikkaballapura,,Kotha Palli Road Bagepalli,,,private-recognized,8693932463,,src-024,2026-09-05,FAILED,,,LOW,"Kotha Palli Road Bagepalli, Chikkaballapura, Karnataka, India"
tc-096,Sri Jagadguru Renukacharya Institute of Technology,Private ITI,Chikkamagaluru,,"Balehonnur, renuka nagar",13.347882,75.46167,private-recognized,08266-250279,,src-024,2026-09-05,SUCCESS,osm-nominatim,2026-09-06T06:19:35.479813+00:00,HIGH,"Balehonnur, Chikkamagaluru, Karnataka, India"
tc-097,Sri Dharmastala Manjunatheshwara ITI,Private ITI,Chikkamagaluru,,"Via Kalasa Mudigere, SAMSE",,,private-recognized,08263-249222,,src-024,2026-09-05,FAILED,,,LOW,"Via Kalasa Mudigere, Chikkamagaluru, Karnataka, India"
tc-098,"Azad Minorities Industrial Training Centre, Challakere",Private ITI,Chitradurga,,"T.R.Nagar, challakere",,,private-recognized,9448862788,,src-024,2026-09-05,FAILED,,,LOW,"T.R.Nagar, Chitradurga, Karnataka, India"
tc-099,T M A E S Industrial Training Institute Hiriyur,Private ITI,Chitradurga,,Hiriyur,13.944324,76.616741,private-recognized,8193263674,,src-024,2026-09-05,SUCCESS,osm-nominatim,2026-09-06T06:19:35.480221+00:00,HIGH,"Hiriyur, Chitradurga, Karnataka, India"
tc-100,Seyyid Madani ITI,Private ITI,Dakshina Kannada,,"Ombathukere, Ullal, Mangalore",,,private-recognized,08242-466600,,src-024,2026-09-05,FAILED,,,LOW,"Ombathukere, Mangaluru, Karnataka, India"
tc-101,Sri Dharmasthala Manjunatheshwara ITI,Private ITI,Dakshina Kannada,,"Venur, Belthangady Taluk",12.883123,74.838915,private-recognized,08256-286219,,src-024,2026-09-05,SUCCESS,osm-nominatim,2026-09-06T06:19:35.480560+00:00,HIGH,"Sri Dharmasthala Manjunatheshwara, Mangaluru, Karnataka, India"
tc-102,Sri Kolushanthehwara I.T.C,Private ITI,Davanagere,,Arasikere Harapanahalli,14.668824,76.071356,private-recognized,8398270078,,src-024,2026-09-05,SUCCESS,osm-nominatim,2026-09-06T06:19:35.480738+00:00,HIGH,"Arasikere Harapanahalli, Karnataka, India"
tc-103,Usmaniya Industrial Training Institute,Private ITI,Davanagere,,Kerebilichi (POST) CHANNAGIRI TQ DAVANAGERE DIST,,,private-recognized,9945365176,,src-024,2026-09-05,FAILED,,,LOW,"Kerebilichi POST CHANNAGIRI DAVANAGERE, Davanagere, Karnataka, India"
tc-104,"Sanjaya Grameena Vidya Samsthe Industrial Training IInstitute, Holealur",Private ITI,Gadag,,"Holealur, Gadag Distt.",15.824167,75.648115,private-recognized,9916266671,,src-024,2026-09-05,SUCCESS,osm-nominatim,2026-09-06T06:19:35.481331+00:00,HIGH,"Holealur, Gadag, Karnataka, India"
tc-105,Sri Jagadguru Tontadarya I T I Dambal,Private ITI,Gadag,,"DAMBAL, Tq: Mundargi, Dt;Gadag",15.296009,75.777204,private-recognized,08371-266227,,src-024,2026-09-05,SUCCESS,osm-nominatim,2026-09-06T06:19:35.481557+00:00,HIGH,"DAMBAL, Gadag, Karnataka, India"
tc-106,Sri Adichunchanagiri I.T.C Cannarayapattana,Private ITI,Hassan,,Channarayapattana,12.906877,76.389564,private-recognized,08176-254462,,src-024,2026-09-05,SUCCESS,osm-nominatim,2026-09-06T06:19:35.481714+00:00,HIGH,"Channarayapattana, Hassan, Karnataka, India"
tc-107,Sri Rameshwara I.T.C Arasikere,Private ITI,Hassan,,"Arasikere, B.H Road",13.315981,76.256849,private-recognized,08174-230501,,src-024,2026-09-05,SUCCESS,osm-nominatim,2026-09-06T06:19:35.481874+00:00,HIGH,"Arasikere, Hassan, Karnataka, India"
tc-108,"TMAE Tonkada Veerappa Industrail Training Institute, Haveri",Private ITI,Haveri,,"TMAE Tonk Veer I.T.C, Haveri",,,private-recognized,,,src-024,2026-09-05,FAILED,,,LOW,"TMAE Tonk Veer I.T.C, Haveri, Karnataka, India"
tc-109,"T M A E S Sri Maharshi Valmiki ITI for Women, Ranebennur",Private ITI,Haveri,,Ranebennur,14.61658,75.634153,private-recognized,,,src-024,2026-09-05,SUCCESS,osm-nominatim,2026-09-06T06:19:35.482191+00:00,HIGH,"Ranebennur, Haveri, Karnataka, India"
tc-110,"KVG ITC, Bhagamandala",Private ITI,Kodagu,,Madikeri,12.42149,75.738754,private-recognized,08272-243266,,src-024,2026-09-05,SUCCESS,osm-nominatim,2026-09-06T06:19:35.482332+00:00,HIGH,"Madikeri, Kodagu, Karnataka, India"
tc-111,Kalpaturu Industrial Training Centre Kushal Nagar,Private ITI,Kodagu,,Somwarpet Taluk,12.597188,75.846687,private-recognized,08276-271200,,src-024,2026-09-05,SUCCESS,osm-nominatim,2026-09-06T06:19:35.482494+00:00,HIGH,"Somwarpet, Kodagu, Karnataka, India"
tc-112,Noorie Industrial Training Centre Andersopet,Private ITI,Kolar,,"Andersopet, K.G.F.-563113",,,private-recognized,08153-274000,,src-024,2026-09-05,AMBIGUOUS,osm-nominatim,,AMBIGUOUS,"563113, Kolar, Karnataka, India"
tc-113,Kengal Hanumantaiah Industrial Training Centre Bethamangala,Private ITI,Kolar,,Bethamangala,13.005398,78.330362,private-recognized,9886151027,,src-024,2026-09-05,SUCCESS,osm-nominatim,2026-09-06T06:19:35.482954+00:00,HIGH,"Bethamangala, Kolar, Karnataka, India"
tc-114,Veera Neelambika Industrial Training Institute,Private ITI,Koppal,,"Shastri Nagar, Agalkere Po. Gangavathi Tq. Koppal Dt.",,,private-recognized,9448130068,,src-024,2026-09-05,FAILED,,,LOW,"Shastri Nagar, Koppal, Karnataka, India"
tc-115,Sri Jagadguru Tontadarya I.T.I Mandalagiri,Private ITI,Koppal,,"Mandalagiri, Taluk: Yalaburga",,,private-recognized,08534-258832,,src-024,2026-09-05,FAILED,,,LOW,"Mandalagiri, Koppal, Karnataka, India"
tc-116,"Sri Adichunchanagiri Private I.T.I, Melukote",Private ITI,Mandya,,"Melukote, Pandavapura, Mandya Dist.-571431",12.662405,76.649649,private-recognized,08236-299880,,src-024,2026-09-05,SUCCESS,osm-nominatim,2026-09-06T06:19:35.483476+00:00,HIGH,"Melukote, Mandya, Karnataka, India"
tc-117,Sri Ranganatha I.T.C B.R Koppalu,Private ITI,Mandya,,"Baburayana Koppalu, Srirangapatna Tq",12.428373,76.702519,private-recognized,9141564307,,src-024,2026-09-05,SUCCESS,osm-nominatim,2026-09-06T06:19:35.483658+00:00,HIGH,"Baburayana Koppalu, Mandya, Karnataka, India"
tc-118,Basava Industrial Training Institute Manvi,Private ITI,Raichur,,P.L.D Bank Building Near Kalmat School Manvi.,,,private-recognized,9449516839,,src-024,2026-09-05,FAILED,,,LOW,"P.L.D Bank Building Kalmat School Manvi, Raichur, Karnataka, India"
tc-119,Shakthi Nagar Industrial Training Institute,Private ITI,Raichur,,SHAKTINAGAR,16.363159,77.358502,private-recognized,8532246464,,src-024,2026-09-05,SUCCESS,osm-nominatim,2026-09-06T06:19:37.431655+00:00,HIGH,"SHAKTINAGAR, Raichur, Karnataka, India"
tc-120,"Hombegowda Industrail Training Centre, Kengal",Private ITI,Ramanagara,,"Kengal, Channapatna",,,private-recognized,7483229017,,src-024,2026-09-05,FAILED,,,LOW,"Kengal, Ramanagara, Karnataka, India"
tc-121,SLNM Industrial Training Centre Cannapatna,Private ITI,Ramanagara,,"1535, Loyada Beedi Channpatna",,,private-recognized,9241409517,,src-024,2026-09-05,FAILED,,,LOW,"Loyada Beedi Channpatna, Ramanagara, Karnataka, India"
tc-122,Ananya Rural ITC,Private ITI,Shivamogga,,"Ayanur, Shimoga",14.01406,75.432668,private-recognized,08182-235075,,src-024,2026-09-05,SUCCESS,osm-nominatim,2026-09-06T06:19:59.314208+00:00,HIGH,"Ayanur, Shivamogga, Karnataka, India"
tc-123,Sumauka Industrial Training Centre Anandapuram,Private ITI,Shivamogga,,Anandapuram Sagara(T),,,private-recognized,8183262533,,src-024,2026-09-05,FAILED,,,LOW,"Anandapuram Sagara T, Shivamogga, Karnataka, India"
tc-124,Sri T.V. Venkataswamy Industrial Training Centre,Private ITI,Tumakuru,,G.B.N. Road Madhugiri,,,private-recognized,08137-282077,,src-024,2026-09-05,FAILED,,,LOW,"G.B.N. Road Madhugiri, Tumakuru, Karnataka, India"
tc-125,CSI Vocational Training Centre,Private ITI,Tumakuru,,PB No 101 B.H. Road,13.335682,77.121315,private-recognized,0816-2252366,,src-024,2026-09-05,SUCCESS,osm-nominatim,2026-09-06T06:20:14.586798+00:00,HIGH,"PB B.H. Road, Tumakuru, Karnataka, India"
tc-126,Barkur National Industrial Training Centre,Private ITI,Udupi,,"Haradi Village, barkur PO, Udupi Tq",13.428944,74.720807,private-recognized,0820-2587543,,src-024,2026-09-05,SUCCESS,osm-nominatim,2026-09-06T06:20:16.203212+00:00,HIGH,"Haradi Village, Udupi, Karnataka, India"
tc-127,"Rev. Fr. Robert Z. M. D'Souza Memorial Pvt. ITI, Nada",Private ITI,Udupi,,"Nada, Padukone, Kundapura Tq.",13.74011,74.670064,private-recognized,08254-279029,,src-024,2026-09-05,SUCCESS,osm-nominatim,2026-09-06T06:20:18.469316+00:00,HIGH,"Nada, Udupi, Karnataka, India"
tc-128,Bharath Liberal Educational Trust ITI Dandeli,Private ITI,Uttara Kannada,,GANDHINAGAR DANDELI,,,private-recognized,8284231032,,src-024,2026-09-05,FAILED,,,LOW,"GANDHINAGAR DANDELI, Uttara Kannada, Karnataka, India"
tc-129,Mazzarello Private Industrial Training Institute kasarkod,Private ITI,Uttara Kannada,,"Upperkasarkod, Kelaginoor, Honavar",,,private-recognized,08387-234711,,src-024,2026-09-05,FAILED,,,LOW,"Upperkasarkod, Uttara Kannada, Karnataka, India"
tc-130,Shree basavajyoti ITI kodekal,Private ITI,Yadgir,,post- kodekal Tq - Surupur Dist Yadigiri,,,private-recognized,9731203086,,src-024,2026-09-05,FAILED,,,LOW,"post- kodekal - Surupur Yadigiri, Yadgir, Karnataka, India"
tc-131,Charabasaveshwara Industrial Training Centre,Private ITI,Yadgir,,"opposite to karnataka electrical board, shahapur",,,private-recognized,9448509083,,src-024,2026-09-05,FAILED,,,LOW,"to karnataka electrical board, Yadgir, Karnataka, India"
tc-132,"Govt Industrial Training Institute, Davanagere (MIS GU29000048)",govt-ITI,Davanagere,,REQUIRES OFFICIAL SOURCE VERIFICATION,,,govt-recognized,,,src-026,2026-09-05,FAILED,,,NONE,
tc-133,"Govt ITI, Koratagere (MIS GR29001513)",govt-ITI,Tumakuru,Koratagere,REQUIRES OFFICIAL SOURCE VERIFICATION,,,govt-recognized,,,src-026,2026-09-05,FAILED,,,NONE,
tc-134,"Govt. ITI, BEML Nagar, KGF (MIS GU29000015)",govt-ITI,Kolar,,"BEML Nagar, Kolar Gold Fields - 563115",12.996576,78.238585,govt-recognized,,,src-026,2026-09-05,SUCCESS,osm-nominatim,2026-09-06T06:21:19.686761+00:00,HIGH,"BEML Nagar, Kolar, Karnataka, India"
tc-135,"Govt Industrial Training Institute, Anekal Nagara (MIS GU29001424)",govt-ITI,Bengaluru Urban,Anekal,REQUIRES OFFICIAL SOURCE VERIFICATION,,,govt-recognized,,,src-026,2026-09-05,FAILED,,,NONE,
tc-136,"Govt. ITI, Beguru (MIS GR29000925)",govt-ITI,Mysuru,Nanjangud,REQUIRES OFFICIAL SOURCE VERIFICATION,,,govt-recognized,,,src-026,2026-09-05,FAILED,,,NONE,
tc-137,"Government Industrial Training Institute, Maddur (MIS GR29000400)",govt-ITI,Mandya,Maddur,REQUIRES OFFICIAL SOURCE VERIFICATION,,,govt-recognized,,,src-026,2026-09-05,FAILED,,,NONE,
tc-138,"Govt ITI, Chamarajanagar (MIS GU29001514)",govt-ITI,Chamarajanagar,,REQUIRES OFFICIAL SOURCE VERIFICATION,,,govt-recognized,,,src-026,2026-09-05,FAILED,,,NONE,
tc-139,"Government Industrial Training Institute, N R Mohalla, Mysore-07 (MIS GU29000053)",govt-ITI,Mysuru,,"N R Mohalla, Mysuru - 570007",12.326871,76.665268,govt-recognized,,,src-026,2026-09-05,SUCCESS,osm-nominatim,2026-09-06T06:21:22.258209+00:00,HIGH,"N R Mohalla, Mysuru, Karnataka, India"
tc-140,"Govt Industrial Training Institute, Malavalli (MIS GU29000158)",govt-ITI,Mandya,Malavalli,REQUIRES OFFICIAL SOURCE VERIFICATION,,,govt-recognized,,,src-026,2026-09-05,FAILED,,,NONE,
