id,occupation_id,occupation_name,employment_type,wage_type,geography_level,district,state,monthly_min_inr,monthly_median_inr,monthly_max_inr,currency,data_period,source_id,confidence,notes
wb-001,occ-003,Electrician,salaried,salary,state,,Karnataka,15000,22000,35000,INR,FY2021-22,src-027,indicative-only,"Labour Bureau Occupational Wage Survey 6th Round — Electrical trade workers (formal sector). Informal/self-employed electricians may earn differently. Indicative only."
wb-002,occ-003,Electrician,self-employed,earning,state,,Karnataka,,,,INR,,src-027,indicative-only,"No verified self-employed electrician earning benchmark available from official sources for Karnataka. wage_status will return not_available."
wb-003,occ-009,Fitter (Mechanical Fitting Trade Worker),salaried,salary,state,,Karnataka,14000,19000,30000,INR,FY2021-22,src-027,indicative-only,"Labour Bureau Occupational Wage Survey 6th Round — Fitter trade workers (formal sector). Indicative only."
wb-004,occ-012,Motor Vehicle Mechanic,salaried,salary,state,,Karnataka,13000,18000,28000,INR,FY2021-22,src-027,indicative-only,"Labour Bureau Occupational Wage Survey 6th Round — Motor vehicle mechanic (formal sector). Indicative only."
wb-005,occ-012,Motor Vehicle Mechanic,self-employed,earning,state,,Karnataka,,,,INR,,src-027,indicative-only,"No verified self-employed mechanic earning benchmark available from official Karnataka sources. wage_status will return not_available."
wb-006,occ-002,Tailor (Apparel Self-Employed),self-employed,earning,state,,Karnataka,,,,INR,,src-027,indicative-only,"No verified self-employed tailor earning benchmark available from official Karnataka government sources. NSDC secondary citations exist but are unverified. wage_status returns not_available."
wb-007,occ-001,Domestic Worker (General Housekeeping),informal,earning,state,,Karnataka,,,,INR,,src-027,indicative-only,"No verified official wage benchmark for domestic workers in Karnataka. Karnataka Domestic Workers Regulation Act minimum wage data is pending official source verification. wage_status returns not_available."
wb-008,occ-005,Delivery / Courier Rider,informal,earning,state,,Karnataka,,,,INR,,src-027,indicative-only,"No official government wage/earning survey covers gig/delivery riders in Karnataka as a distinct category. wage_status returns not_available."
wb-009,occ-007,Auto-Rickshaw / Taxi Driver,self-employed,earning,state,,Karnataka,,,,INR,,src-027,indicative-only,"No verified official earning benchmark for auto-rickshaw drivers in Karnataka from government sources. wage_status returns not_available."
