centre_id,centre_name,original_address,district,taluk,geocoding_query,latitude,longitude,status,confidence,provider,provider_result,validation_reason,unresolved_category,geocoded_at
tc-001,"Government Tool Room and Training Centre, Rajajinagar",REQUIRES OFFICIAL SOURCE VERIFICATION,Bengaluru Urban,,,,,FAILED,NONE,,,Placeholder / unverified address ('REQUIRES OFFICIAL SOURCE VERIFICATION'),PLACEHOLDER,
tc-002,"Government Industrial Training Institute, Gundlupete",REQUIRES OFFICIAL SOURCE VERIFICATION,Chamarajanagar,Gundlupete,,,,FAILED,NONE,,,Placeholder / unverified address ('REQUIRES OFFICIAL SOURCE VERIFICATION'),PLACEHOLDER,
tc-003,ITI Directorate of Employment & Training (DET) — Mysuru Division Office,REQUIRES OFFICIAL SOURCE VERIFICATION,Mysuru,,,,,FAILED,NONE,,,Placeholder / unverified address ('REQUIRES OFFICIAL SOURCE VERIFICATION'),PLACEHOLDER,
tc-004,National Skill Training Institute (NSTI) Bengaluru,"Outer Ring Road, Yeswanthpur, Bengaluru - 560022",Bengaluru Urban,,"Outer Ring Road, Bengaluru, Karnataka, India",13.032496,77.540702,SUCCESS,HIGH,osm-nominatim,"Outer Ring Road, Goragunte Palya, Peenya, Bengaluru West City Corporation, Bengaluru, Bangalore North, Bengaluru Urban, Karnataka, 560022, India","High confidence match (Score 105.0): Country=India (+25); State=Karnataka (+25); District matched (+20); PIN match 560022 (+15); Strong token overlap ['outer', 'ring', 'bengaluru'] (+15); Plausible POI (highway/trunk) (+5)",,2026-09-06T06:19:35.458737+00:00
tc-005,National Skill Training Institute for Women (NSTI-W) Bengaluru,"Lakkasandra, Hombegowda Nagar, Bengaluru, Karnataka 560029",Bengaluru Urban,,"Lakkasandra, Bengaluru, Karnataka, India",12.942941,77.597391,SUCCESS,HIGH,osm-nominatim,"Lakkasandra, Doctor M H Marigowda Road, Lakkasandra, Bengaluru South City Corporation, Bengaluru, Bangalore North, Bengaluru Urban, Karnataka, 560029, India","High confidence match (Score 98.0): Country=India (+25); State=Karnataka (+25); District matched (+20); PIN match 560029 (+15); Token overlap ['lakkasandra', 'bengaluru'] (+8); Plausible POI (highway/bus_stop) (+5)",,2026-09-06T06:19:35.459501+00:00
tc-006,Raman Industrial Training Centre Kamakshi Palya,134 Kamalighi Palaya,Bengaluru Urban,,"Kamalighi Palaya, Bengaluru, Karnataka, India",,,FAILED,LOW,,,No matching results across all query passes,FAILED_NO_RESULT,
tc-007,St Joseph Industrial Training Centre,Ourlady Fatima Church H.M.T Post,Bengaluru Urban,,"St Joseph, Bengaluru, Karnataka, India",12.970336,77.595084,SUCCESS,HIGH,osm-nominatim,"St. Joseph's Indian High School, 1st Cross Road, D'Souza Layout, Shanthala Nagar, Ashokanagar, Bengaluru Central City Corporation, Bengaluru, Bangalore North, Bengaluru Urban, Karnataka, 560001, India",High confidence match (Score 83.0): Country=India (+25); State=Karnataka (+25); District matched (+20); Token overlap ['joseph'] (+8); Plausible POI (amenity/school) (+5),,2026-09-06T06:19:35.460338+00:00
tc-008,Muslim Orphanage Industrial Training Centre,43 Dickenson Road,Bengaluru Urban,,"Dickenson Road, Bengaluru, Karnataka, India",12.97448,77.614087,SUCCESS,HIGH,osm-nominatim,"Dickenson Road, Craig Park Layout, Ashok Nagar, Ashokanagar, Bengaluru Central City Corporation, Bengaluru, Bangalore North, Bengaluru Urban, Karnataka, 560001, India",High confidence match (Score 83.0): Country=India (+25); State=Karnataka (+25); District matched (+20); Token overlap ['dickenson'] (+8); Plausible POI (highway/primary) (+5),,2026-09-06T06:19:35.460626+00:00
tc-009,"Globe I.T.C., Obalappa Garden, Bangalore","Obalappa Garden, Bangalore",Bengaluru Urban,,"Obalappa Garden, Bengaluru, Karnataka, India",,,FAILED,LOW,,,No matching results across all query passes,FAILED_NO_RESULT,
tc-010,Sri Ayyappan I.T.C,"MM Road Cross, JayaMahal, Nandidurg Road",Bengaluru Urban,,"MM Road Cross, Bengaluru, Karnataka, India",12.974353,77.638576,SUCCESS,HIGH,osm-nominatim,"MM Clinic, 3rd Cross Road, Motappanapalya, Indiranagar, Jogpalya, Bengaluru Central City Corporation, Bengaluru, Bangalore North, Bengaluru Urban, Karnataka, 560038, India",High confidence match (Score 75.0): Country=India (+25); State=Karnataka (+25); District matched (+20); Plausible POI (amenity/clinic) (+5),,2026-09-06T06:19:35.460980+00:00
tc-011,Bhuvan Industrial Training Centre Venkatala,Venkatala Yalahnka,Bengaluru Urban,,"Venkatala Yalahnka, Bengaluru, Karnataka, India",,,FAILED,LOW,,,No matching results across all query passes,FAILED_NO_RESULT,
tc-012,M V M Industrial Training Centre,"15,16,17 Gangadhra Chetty Road Ulsoor lake",Bengaluru Urban,,"M V M, Bengaluru, Karnataka, India",12.99447,77.593655,SUCCESS,HIGH,osm-nominatim,"State Bank of India, M V Jayaram Road, Jayamahal, Vasanth Nagar, Bengaluru Central City Corporation, Bengaluru, Bangalore North, Bengaluru Urban, Karnataka, 560006, India",High confidence match (Score 75.0): Country=India (+25); State=Karnataka (+25); District matched (+20); Plausible POI (amenity/bank) (+5),,2026-09-06T06:19:35.461310+00:00
tc-013,M.C.E.B.T.I. Industrial Training Centre,"No.87, 10th main road 3rd phase 3rd Block, Manjunath Nagar Rajajinagar-10",Bengaluru Urban,,"M C E B T I, Bengaluru, Karnataka, India",,,FAILED,LOW,,"Bengaluru, Bangalore North, Bengaluru Urban, Karnataka, India",City-level centroid rejected; physical facility unverified in OSM,FAILED_VALIDATION,
tc-014,The Association of Physically Handicapped Trg. Cen.,Lingarajpuram Hennur Road,Bengaluru Urban,,"Lingarajpuram Hennur Road, Bengaluru, Karnataka, India",13.008744,77.622151,SUCCESS,HIGH,osm-nominatim,"Vinay Nursing Home, Lingarajpuram, Lingarajapuram Flyover, New Bagalur Layout, Richards Town, Lingarajpura, Bengaluru North City Corporation, Bengaluru, Bangalore North, Bengaluru Urban, Karnataka, 560084, India",High confidence match (Score 83.0): Country=India (+25); State=Karnataka (+25); District matched (+20); Token overlap ['lingarajpuram'] (+8); Plausible POI (amenity/clinic) (+5),,2026-09-06T06:19:35.461806+00:00
tc-015,NTTF Industrial Training Centre,"# 40/40A, Electronic City, Hosur Road",Bengaluru Urban,,"Electronic City, Bengaluru, Karnataka, India",12.856798,77.663238,SUCCESS,HIGH,osm-nominatim,"Electronic City, Hosur Road, Chikkathoguru, Bengaluru South City Corporation, Electronic City, Bangalore South, Bengaluru Urban, Karnataka, 560100, India","High confidence match (Score 85.0): Country=India (+25); State=Karnataka (+25); District matched (+20); Strong token overlap ['electronic', 'city', 'hosur'] (+15)",,2026-09-06T06:19:35.462126+00:00
tc-016,Ghousia Industrial Training Institute,Hosur Road Dharma Ram College,Bengaluru Urban,,"Ghousia, Bengaluru, Karnataka, India",12.943002,77.594438,SUCCESS,HIGH,osm-nominatim,"Ghousia, 1st Main Road, Someshwaranagar, Kanakanapalya, Bengaluru Central City Corporation, Bengaluru, Bangalore North, Bengaluru Urban, Karnataka, 560069, India",High confidence match (Score 83.0): Country=India (+25); State=Karnataka (+25); District matched (+20); Token overlap ['ghousia'] (+8); Plausible POI (amenity/pharmacy) (+5),,2026-09-06T06:19:35.462310+00:00
tc-017,Maulana Azad National Urdu University-ITC,"CA. Site No(P) 2, Jnanabharthi Layout 3rd Block Vaegarihalli R.V.C Post Bangalore-560059",Bengaluru Urban,,"560059, Bengaluru, Karnataka, India",12.923778,77.495786,SUCCESS,HIGH,osm-nominatim,"560059, Mylasandra, Bengaluru West City Corporation, Bengaluru, Bangalore South, Bengaluru Urban, Karnataka, India",High confidence match (Score 93.0): Country=India (+25); State=Karnataka (+25); District matched (+20); PIN match 560059 (+15); Token overlap ['bangalore'] (+8),,2026-09-06T06:19:35.462591+00:00
tc-018,The Technical Training Centre for the Deaf,"No:28/2, Haines Road, Near New Bamboo Bazaar",Bengaluru Urban,,"Haines Road, Bengaluru, Karnataka, India",12.998861,77.610273,SUCCESS,HIGH,osm-nominatim,"Haines Road, Pottery Town, S.K Garden, Bengaluru North City Corporation, Bengaluru, Bangalore North, Bengaluru Urban, Karnataka, 560005, India",High confidence match (Score 83.0): Country=India (+25); State=Karnataka (+25); District matched (+20); Token overlap ['haines'] (+8); Plausible POI (highway/primary) (+5),,2026-09-06T06:19:35.462912+00:00
tc-019,St. Patrick's ITC,"15-K, Brigade Road Bangalore",Bengaluru Urban,,"Brigade Road Bangalore, Bengaluru, Karnataka, India",12.973473,77.607319,SUCCESS,HIGH,osm-nominatim,"India Chai, Brigade Road, Ashok Nagar, Ashokanagar, Bengaluru Central City Corporation, Bengaluru, Bangalore North, Bengaluru Urban, Karnataka, 560001, India","High confidence match (Score 83.0): Country=India (+25); State=Karnataka (+25); District matched (+20); Token overlap ['bangalore', 'brigade'] (+8); Plausible POI (amenity/cafe) (+5)",,2026-09-06T06:19:35.463180+00:00
tc-020,Ashok Private ITI,"No. 8, K.B.C. Complex, Jalahalli Cross, T. Dasarahalli",Bengaluru Urban,,"Jalahalli Cross, Bengaluru, Karnataka, India",13.039888,77.51836,SUCCESS,HIGH,osm-nominatim,"Jalahalli Cross, Tumkur Road, Chokkasandra, Bengaluru West City Corporation, Bengaluru, Bangalore North, Bengaluru Urban, Karnataka, 560058, India",High confidence match (Score 83.0): Country=India (+25); State=Karnataka (+25); District matched (+20); Token overlap ['jalahalli'] (+8); Plausible POI (highway/traffic_signals) (+5),,2026-09-06T06:19:35.463505+00:00
tc-021,Pragathi Industrial Training Centre,Fort Street Vijaypura,Bengaluru Rural,,"Fort Street Vijaypura, Bengaluru Rural, Karnataka, India",,,FAILED,LOW,,,No matching results across all query passes,FAILED_NO_RESULT,
tc-022,J C S Industrial Training Institute Nelamangala,Nelamangala,Bengaluru Rural,,"Nelamangala, Bengaluru Rural, Karnataka, India",13.095302,77.396359,SUCCESS,HIGH,osm-nominatim,"Nelamangala, Nelamangala taluk, Bengaluru North, Karnataka, 562123, India",High confidence match (Score 83.0): Country=India (+25); State=Karnataka (+25); District matched (+20); Token overlap ['nelamangala'] (+8); Plausible POI (/town) (+5),,2026-09-06T06:19:35.464127+00:00
tc-023,Sri Banashankari ITC,"# 37, Parvartha Pura Road, Devanhalli, Bangalore",Bengaluru Rural,,"Parvartha Pura Road, Bengaluru Rural, Karnataka, India",,,FAILED,LOW,,,No matching results across all query passes,FAILED_NO_RESULT,
tc-024,J S S Industrial Training Institute Nanjangud,"Plot No. CA-10, KIADB Thandya Industrial Area, Thandya-571302, Nanjangud",Mysuru,,"571302, Mysuru, Karnataka, India",12.180052,76.741856,SUCCESS,HIGH,osm-nominatim,"571302, Nanjanagudu taluk, Mysuru District, Karnataka, India",High confidence match (Score 90.0): Country=India (+25); State=Karnataka (+25); District matched (+20); PIN match 571302 (+15); Plausible POI (place/postcode) (+5),,2026-09-06T06:19:35.464908+00:00
tc-025,"Sri Nanjundeshwara Industrail Training Centre, Kadakola","Kadakola, Nanjangud Taluk",Mysuru,,"Kadakola, Mysuru, Karnataka, India",12.192722,76.664523,SUCCESS,HIGH,osm-nominatim,"Kadakola, Mysuru taluk, Mysuru District, Karnataka, 571311, India",High confidence match (Score 83.0): Country=India (+25); State=Karnataka (+25); District matched (+20); Token overlap ['kadakola'] (+8); Plausible POI (place/village) (+5),,2026-09-06T06:19:35.465420+00:00
tc-026,Sri Nanjunda Shivayageshwara ITI,Gavadagere Hunsur Tq.,Mysuru,,"Gavadagere Hunsur, Mysuru, Karnataka, India",,,FAILED,LOW,,,No matching results across all query passes,FAILED_NO_RESULT,
tc-027,Jnanabyaveshwara Industrail Training Centre,Saligrama K.R Nagar,Mysuru,,"Saligrama K.R Nagar, Mysuru, Karnataka, India",,,FAILED,LOW,,,No matching results across all query passes,FAILED_NO_RESULT,
tc-028,"B M M Pvt ITI, Bannur","opp CESC, Bannur, Taluku T. Narsipura",Mysuru,,"CESC, Mysuru, Karnataka, India",12.322419,76.629682,SUCCESS,HIGH,osm-nominatim,"CESC Office, Adipampa Road, Gokulam, Mysuru, Mysuru taluk, Mysuru District, Karnataka, 570001, India",High confidence match (Score 83.0): Country=India (+25); State=Karnataka (+25); District matched (+20); Token overlap ['cesc'] (+8); Plausible POI (office/government) (+5),,2026-09-06T06:19:35.465998+00:00
tc-029,Jagruthi ITC,"7th Block, B.M. Road, Periyapatna",Mysuru,,"th Block, Mysuru, Karnataka, India",,,FAILED,LOW,,,No matching results across all query passes,FAILED_NO_RESULT,
tc-030,"Smt Puttathayamma Mariyappa ITC, K.R Nagar",Sri Rama Block K.R Nagar,Mysuru,,"Sri Rama .R Nagar, Karnataka, India",,,FAILED,LOW,osm-nominatim,"Sri Rama Mandira, Sri Ram Mandir Road, Sampangi Rama Nagara, Sampangirama Nagar, Bengaluru Central City Corporation, Bengaluru, Bangalore North, Bengaluru Urban, Karnataka, 560027, India",Insufficient match quality (Score 33.0 < 55),FAILED_VALIDATION,
tc-031,Glo Tec ITC,"ID-3, Hootagalli Industrial Area",Mysuru,,"Hootagalli Industrial Area, Mysuru, Karnataka, India",12.335646,76.5945,SUCCESS,HIGH,osm-nominatim,"Reliance Smart Superstore, Surey No.37/12, &, Archid Ply, Hootagalli Industrial Area, Hootagalli, Hunasur Road, Hebbalu, Mysuru, Mysuru taluk, Mysuru District, Karnataka, 571130, India","High confidence match (Score 78.0): Country=India (+25); State=Karnataka (+25); District matched (+20); Token overlap ['area', 'hootagalli'] (+8)",,2026-09-06T06:19:35.466619+00:00
tc-032,Sri Sathya Sai ITC Hunsur,Hunsur,Mysuru,,"Hunsur, Mysuru, Karnataka, India",,,AMBIGUOUS,AMBIGUOUS,osm-nominatim,"Hunsur, Hunasuru taluk, Mysuru District, Karnataka, 571105, India",Multiple distant candidates (>25km) in PASS_1_LOCALITY_DIST,AMBIGUOUS,
tc-033,"Sri Pravardhana ITI, K.R Nagar","Mysore Road, K R Nagar",Mysuru,,"Mysore Road, Mysuru, Karnataka, India",,,AMBIGUOUS,AMBIGUOUS,osm-nominatim,"Chandra Mouli Layer Complex kanthraj road Mysore, New Kantharaje Urs Road, Ramakrishna Nagara, Mysuru, Mysuru taluk, Mysuru District, Karnataka, 570001, India",Multiple distant candidates (>25km) in PASS_1_LOCALITY_DIST,AMBIGUOUS,
tc-034,The National Institute of Industrial Education I.T.C,"No. 65 Industrial area, Visweswarayya Nagar",Mysuru,,"Industrial area, Mysuru, Karnataka, India",12.360233,76.633949,SUCCESS,HIGH,osm-nominatim,"Metagalli Industrial Area, Mysuru, Mysuru taluk, Mysuru District, Karnataka, 570001, India",High confidence match (Score 83.0): Country=India (+25); State=Karnataka (+25); District matched (+20); Token overlap ['area'] (+8); Plausible POI (place/suburb) (+5),,2026-09-06T06:19:35.467353+00:00
tc-035,MESCO Industrial Training Institute,"37/1, Link Road N R Mohalla",Mysuru,,"MESCO, Mysuru, Karnataka, India",12.303239,76.645627,SUCCESS,HIGH,osm-nominatim,"Mesco Higher Primary School, Diwan's Road, Chamarajapuram, Mysuru, Mysuru taluk, Mysuru District, Karnataka, 570007, India",High confidence match (Score 83.0): Country=India (+25); State=Karnataka (+25); District matched (+20); Token overlap ['mesco'] (+8); Plausible POI (amenity/school) (+5),,2026-09-06T06:19:35.467537+00:00
tc-036,St. Philomena's Industrial Training Centre,B N Road,Mysuru,,"B N Road, Mysuru, Karnataka, India",12.294095,76.627588,SUCCESS,HIGH,osm-nominatim,"Aniketana Road North 9th Cross, Kuvempunagara, Mysuru, Mysuru taluk, Mysuru District, Karnataka, 570001, India",High confidence match (Score 75.0): Country=India (+25); State=Karnataka (+25); District matched (+20); Plausible POI (/residential) (+5),,2026-09-06T06:19:35.467728+00:00
tc-037,M E S Industrial Training Centre,"Eidgah Ground, Umar Khayam Road, Tilak Nagar, Mysore 570001",Mysuru,,"570001, Mysuru, Karnataka, India",12.31414,76.644151,SUCCESS,HIGH,osm-nominatim,"570001, Mysuru taluk, Mysuru District, Karnataka, India",High confidence match (Score 90.0): Country=India (+25); State=Karnataka (+25); District matched (+20); PIN match 570001 (+15); Plausible POI (place/postcode) (+5),,2026-09-06T06:19:35.467972+00:00
tc-038,Sri Guru Channamallikarjuna Private ITI,"Opp. Taluk Office, T.Narasipura",Mysuru,,"Office, Mysuru, Karnataka, India",12.307218,76.664289,SUCCESS,HIGH,osm-nominatim,"Police Commissioner's Office, Mirza Road, Nazarbad, Mysuru, Mysuru taluk, Mysuru District, Karnataka, 570001, India",High confidence match (Score 83.0): Country=India (+25); State=Karnataka (+25); District matched (+20); Token overlap ['office'] (+8); Plausible POI (building/yes) (+5),,2026-09-06T06:19:35.468437+00:00
tc-039,Sri Mahanteshwara Vidhya Varthaka Sangha Industrial Training Centre,Afzalpur,Kalaburagi,,"Afzalpur, Kalaburagi, Karnataka, India",17.200576,76.360578,SUCCESS,HIGH,osm-nominatim,"Afzalpur, Afzalpura taluku, Kalaburagi, Karnataka, 585301, India",High confidence match (Score 83.0): Country=India (+25); State=Karnataka (+25); District matched (+20); Token overlap ['afzalpur'] (+8); Plausible POI (/town) (+5),,2026-09-06T06:19:35.468810+00:00
tc-040,H.K.E.S Industrail Training Institute Nimbarga,Nimbarga,Kalaburagi,,"Nimbarga, Kalaburagi, Karnataka, India",17.386079,76.585342,SUCCESS,HIGH,osm-nominatim,"Nimbarga, Alanda taluku, Kalaburagi, Karnataka, India",High confidence match (Score 83.0): Country=India (+25); State=Karnataka (+25); District matched (+20); Token overlap ['nimbarga'] (+8); Plausible POI (/village) (+5),,2026-09-06T06:19:35.469065+00:00
tc-041,"Hyderabad Karnataka Education Society's Industrial Training Institute, Kamalapur","Near DIET, Humanabad Road, Post: Kamalapura",Kalaburagi,,"DIET, Kalaburagi, Karnataka, India",,,FAILED,LOW,,,No matching results across all query passes,FAILED_NO_RESULT,
tc-042,Kayaka Industrail Training Centre,S.R.G Complex Razavi Road Alanda,Kalaburagi,,"S.R.G Complex Razavi Road Alanda, Kalaburagi, Karnataka, India",,,FAILED,LOW,,,No matching results across all query passes,FAILED_NO_RESULT,
tc-043,"Kudala Sangama Educational Societys Industrial Training Institute, Shahabad","Near Star Function Hall, Hongunta Road, Shahabad, Tq: Chittapur",Kalaburagi,,"Star Function Hall, Kalaburagi, Karnataka, India",,,FAILED,LOW,,,No matching results across all query passes,FAILED_NO_RESULT,
tc-044,Kagina Private Industrial Training Institute Adityanagar,Malkhed Road Adityanagar,Kalaburagi,,"Malkhed Road Adityanagar, Kalaburagi, Karnataka, India",,,FAILED,LOW,,,No matching results across all query passes,FAILED_NO_RESULT,
tc-045,"Jnana Jyothi Industrial Training Centre, Sedam",Sedam,Kalaburagi,,"Sedam, Kalaburagi, Karnataka, India",17.177268,77.282355,SUCCESS,HIGH,osm-nominatim,"Sedam, Sedam taluku, Kalaburagi, Karnataka, 585222, India",High confidence match (Score 83.0): Country=India (+25); State=Karnataka (+25); District matched (+20); Token overlap ['sedam'] (+8); Plausible POI (/town) (+5),,2026-09-06T06:19:35.470312+00:00
tc-046,Sri Noorandeshwar ITC Jewargi,At Post: Naribol Road Jewargi,Kalaburagi,,"Naribol Road Jewargi, Kalaburagi, Karnataka, India",,,FAILED,LOW,,,No matching results across all query passes,FAILED_NO_RESULT,
tc-047,Adarsh Educational Trust PROF.P.S.CHOUDARY I..T.I Kalaburagi,Swamy Vivekanand Nagar Near Santosh Colony Aland Road Kalaburagi,Kalaburagi,,"Swamy Vivekanand Nagar Santosh Colony Aland Road Kalaburagi, Kalaburagi, Karnataka, India",,,FAILED,LOW,,,No matching results across all query passes,FAILED_NO_RESULT,
tc-048,Shree Basaveshwar Industrial Training Centre,At Post: Farhatabad Tq: Kalaburagi,Kalaburagi,,"Farhatabad : Kalaburagi, Kalaburagi, Karnataka, India",17.182993,76.791694,SUCCESS,HIGH,osm-nominatim,"Government Hospital, Farhatabad, Bidar - Lakshmisagara Highway, Kotnuru, Kalaburagi, Karnataka, 585308, India","High confidence match (Score 83.0): Country=India (+25); State=Karnataka (+25); District matched (+20); Token overlap ['kalaburagi', 'farhatabad'] (+8); Plausible POI (amenity/hospital) (+5)",,2026-09-06T06:19:35.470920+00:00
tc-049,Sharana Basaveshwara Industrial Training Centre Chittapur Tq,Chittapur Tq,Kalaburagi,,"Chittapur, Kalaburagi, Karnataka, India",17.100576,77.047589,SUCCESS,HIGH,osm-nominatim,"Wadi - Chittapur Road, Chittapura, Chitapura taluku, Kalaburagi, Karnataka, 585211, India",High confidence match (Score 83.0): Country=India (+25); State=Karnataka (+25); District matched (+20); Token overlap ['chittapur'] (+8); Plausible POI (highway/secondary) (+5),,2026-09-06T06:19:35.471074+00:00
tc-050,Sri Gurudatta Industrial Training Centre,"Ganagapur Road, Choudapur, Afzalpur Tq.",Kalaburagi,,"Ganagapur Road, Kalaburagi, Karnataka, India",17.340746,76.589503,SUCCESS,HIGH,osm-nominatim,"Ganagapur Road, SH155, Gudura, Afzalpura taluku, Kalaburagi, Karnataka, India",High confidence match (Score 78.0): Country=India (+25); State=Karnataka (+25); District matched (+20); Token overlap ['ganagapur'] (+8),,2026-09-06T06:19:35.471298+00:00
tc-051,Gurukal ITI,"82, Sy No-31 Part of Village Nizampur Near Kamal Narag",Kalaburagi,,"Sy Part of Village Nizampur Kamal Narag, Kalaburagi, Karnataka, India",,,FAILED,LOW,,,No matching results across all query passes,FAILED_NO_RESULT,
tc-052,"National Industrial Training Institute, Kalaburagi","Hafthagumbad, Darga Road, Kalaburagi",Kalaburagi,,"National Kalaburagi, Kalaburagi, Karnataka, India",17.278791,76.870511,SUCCESS,HIGH,osm-nominatim,"NATIONAL PUBLIC SCHOOL, Gulbarga - Devasuguru Highway, Rajapura, Nanduru, Kalaburagi taluku, Kalaburagi, Karnataka, 585106, India","High confidence match (Score 83.0): Country=India (+25); State=Karnataka (+25); District matched (+20); Token overlap ['national', 'kalaburagi'] (+8); Plausible POI (amenity/school) (+5)",,2026-09-06T06:19:35.471699+00:00
tc-053,"Hyderabad Karnataka Education Society's Industrial Training Institute, Kalaburagi","PDA Engineering College Premises, Kalaburagi",Kalaburagi,,"PDA Engineering College Premises, Kalaburagi, Karnataka, India",,,FAILED,LOW,,,No matching results across all query passes,FAILED_NO_RESULT,
tc-054,"Ashrapree Industrail Training Institute Krishnapur, Hubli","27/2A Krishnapur Jawahar Nagar Gudihal Road Old-Hubli, Hubli-580024",Dharwad (Hubballi-Dharwad),,"580024, Dharwad, Karnataka, India",15.335146,75.128392,SUCCESS,HIGH,osm-nominatim,"580024, Hubballi Urban Taluku, Dharwad, Karnataka, India",High confidence match (Score 90.0): Country=India (+25); State=Karnataka (+25); District matched (+20); PIN match 580024 (+15); Plausible POI (place/postcode) (+5),,2026-09-06T06:19:35.472142+00:00
tc-055,SSK Hitavardhaka Sangh Y.T Miskin PVT. ITI. Hubli,"4th Cross, Mayur Nagar, Anand Nagar, Old Hubli, Hubli",Dharwad (Hubballi-Dharwad),,"th Cross, Dharwad, Karnataka, India",15.392901,75.078684,SUCCESS,HIGH,osm-nominatim,"11th Cross Road, Navanagar, Amaragol, Hubballi Urban Taluku, Dharwad, Karnataka, 580025, India",High confidence match (Score 75.0): Country=India (+25); State=Karnataka (+25); District matched (+20); Plausible POI (highway/residential) (+5),,2026-09-06T06:19:35.472524+00:00
tc-056,"Navalagund Taluka Shikshana Samsthe, Navalagund",Navalagund,Dharwad (Hubballi-Dharwad),,"Navalagund, Dharwad, Karnataka, India",,,FAILED,LOW,,,No matching results across all query passes,FAILED_NO_RESULT,
tc-057,Shri Guru Gorakshanath ITI Tarihal Road Gokul Hubli,266/1 Tarihal Road Gokul Hubli-580026,Dharwad (Hubballi-Dharwad),,"580026, Dharwad, Karnataka, India",15.350742,75.112109,SUCCESS,HIGH,osm-nominatim,"State Bank of India, Gokul Road / Airport Road, Dollars Colony, Padmaraj Nagar, Hubballi, Hubballi Urban Taluku, Dharwad, Karnataka, 580020, India",High confidence match (Score 83.0): Country=India (+25); State=Karnataka (+25); District matched (+20); Token overlap ['gokul'] (+8); Plausible POI (amenity/bank) (+5),,2026-09-06T06:19:35.473016+00:00
tc-058,"Vijayanand Institute of Technology ITI Varur, Hubli",Hubli,Dharwad (Hubballi-Dharwad),,"Hubli, Karnataka, India",15.351838,75.137985,SUCCESS,HIGH,osm-nominatim,"Hubballi, Hubballi Urban Taluku, Dharwad, Karnataka, 580020, India",High confidence match (Score 75.0): Country=India (+25); State=Karnataka (+25); District matched (+20); Plausible POI (place/city) (+5),,2026-09-06T06:19:35.473200+00:00
tc-059,"Sai Sangam ITI, Hubli","Sulya Road, Hubli",Dharwad (Hubballi-Dharwad),,"Sulya Road, Dharwad, Karnataka, India",,,FAILED,LOW,,,No matching results across all query passes,FAILED_NO_RESULT,
tc-060,Sanmith ITI Dharwad,"Vivekanandanagar, Gopalagowda Extn.",Dharwad (Hubballi-Dharwad),,"Vivekanandanagar, Dharwad, Karnataka, India",,,FAILED,LOW,,,No matching results across all query passes,FAILED_NO_RESULT,
tc-061,Jnanajyothi ITI Dharwad,"Jadhav Building, 1st Cross, Marata Colony",Dharwad (Hubballi-Dharwad),,"Jadhav Building, Dharwad, Karnataka, India",,,FAILED,LOW,,,No matching results across all query passes,FAILED_NO_RESULT,
tc-062,Most Rev. Dr. V P Dandin ITI Dharwad,"Near CSI College of Commerce, Dharwad",Dharwad (Hubballi-Dharwad),,"CSI College of Commerce, Dharwad, Karnataka, India",15.456741,75.008934,SUCCESS,HIGH,osm-nominatim,"CSI College of Commerce, Pune Bangalore Road, Yalakki Shettar Colony, Gandhinagar, Dharwad, Dharawada taluku, Dharwad, Karnataka, 580001, India","High confidence match (Score 90.0): Country=India (+25); State=Karnataka (+25); District matched (+20); Strong token overlap ['college', 'commerce', 'dharwad'] (+15); Plausible POI (amenity/college) (+5)",,2026-09-06T06:19:35.473845+00:00
tc-063,Jeeveswara Shikehan Samithi ITI Hubli,"Channapeth Ganjipeth, Old Hubli",Dharwad (Hubballi-Dharwad),,"Channapeth Ganjipeth, Dharwad, Karnataka, India",,,FAILED,LOW,,,No matching results across all query passes,FAILED_NO_RESULT,
tc-064,"N W K R T C Industrial Training Institute, Hubli","Gokul Road, Hubli",Dharwad (Hubballi-Dharwad),,"Gokul Road, Dharwad, Karnataka, India",15.354982,75.088712,SUCCESS,HIGH,osm-nominatim,"Gokul Road / Airport Road, Nehru Nagar, Padmaraj Nagar, Hubballi, Hubballi Urban Taluku, Dharwad, Karnataka, 580020, India",High confidence match (Score 83.0): Country=India (+25); State=Karnataka (+25); District matched (+20); Token overlap ['gokul'] (+8); Plausible POI (highway/secondary) (+5),,2026-09-06T06:19:35.474373+00:00
tc-065,Sri Dharmastala Manjunathaeshwara Pvt. ITI Sattur Dharwad,"Dhavalagiri, Sattur P.B.Road",Dharwad (Hubballi-Dharwad),,"Dhavalagiri, Dharwad, Karnataka, India",,,FAILED,LOW,,,No matching results across all query passes,FAILED_NO_RESULT,
tc-066,Shivanand ITI Dharwad,At Dharwad,Dharwad (Hubballi-Dharwad),,"At Dharwad, Dharwad, Karnataka, India",15.45405,75.006652,SUCCESS,HIGH,osm-nominatim,"Dharwad, Dharawada taluku, Dharwad, Karnataka, 580001, India",High confidence match (Score 83.0): Country=India (+25); State=Karnataka (+25); District matched (+20); Token overlap ['dharwad'] (+8); Plausible POI (place/city) (+5),,2026-09-06T06:19:35.474718+00:00
tc-067,"Sai Industrial Training Institute, Dharwad",Near Basava Colony Opp. Agriculture Colony University,Dharwad (Hubballi-Dharwad),,"Sai Dharwad, Dharwad, Karnataka, India",15.3629,75.121709,SUCCESS,HIGH,osm-nominatim,"State Bank of India, Shri Gangaram. M. Navale Road, Sai Nagar, Sirur Park, Hubballi, Hubballi Urban Taluku, Dharwad, Karnataka, 580020, India",High confidence match (Score 83.0): Country=India (+25); State=Karnataka (+25); District matched (+20); Token overlap ['dharwad'] (+8); Plausible POI (amenity/atm) (+5),,2026-09-06T06:19:35.475065+00:00
tc-068,"SNVVS Private ITI, Samping Nagar Dharwad",Adichunchanagiri Mutt Samping Nagar,Dharwad (Hubballi-Dharwad),,"Adichunchanagiri Mutt Samping Nagar, Dharwad, Karnataka, India",,,FAILED,LOW,,,No matching results across all query passes,FAILED_NO_RESULT,
tc-069,Vijayanagara Industrial Training Institute,Kamalapura Hospet Tq. Bellary Dt.,Ballari,,"Vijayanagara, Ballari, Karnataka, India",,,AMBIGUOUS,AMBIGUOUS,osm-nominatim,"Vijayanagara Sri Krishnadevaraya University, VSK University Road, Cantonment, Ballari, Bellary taluk, Ballari, Karnataka, 583275, India",Multiple distant candidates (>25km) in PASS_6_NAME_DIST,AMBIGUOUS,
tc-070,TMAE Societys Sri Thimmaiah Shetty ITI Hagaribommanahalli,Kadalabalu Road Ramanagara Hagaribommanahalli,Ballari,,"Kadalabalu Road Ramanagara Hagaribommanahalli, Ballari, Karnataka, India",,,FAILED,LOW,,,No matching results across all query passes,FAILED_NO_RESULT,
tc-071,"Sree Jagadguru Kotturswamy ITI, Siruguppa","Bellary Road, Siruguppa",Ballari,,"Bellary Road, Ballari, Karnataka, India",15.067383,77.035399,SUCCESS,HIGH,osm-nominatim,"Bellary Road, Kammarachedu, Bellary taluk, Ballari, Karnataka, India",High confidence match (Score 83.0): Country=India (+25); State=Karnataka (+25); District matched (+20); Token overlap ['bellary'] (+8); Plausible POI (highway/primary) (+5),,2026-09-06T06:19:35.475933+00:00
tc-072,S.P.G.U Education Society ITI,Kuduthini,Ballari,,"Kuduthini, Ballari, Karnataka, India",15.198551,76.759428,SUCCESS,HIGH,osm-nominatim,"Kuduthini PHC, NH67, Kudatini, Bellary taluk, Ballari, Karnataka, 583115, India",High confidence match (Score 78.0): Country=India (+25); State=Karnataka (+25); District matched (+20); Token overlap ['kuduthini'] (+8),,2026-09-06T06:19:35.476105+00:00
tc-073,Yerriswamy Education Trust ITC,"Mullangi Sanjeevappa Street, Bellary",Ballari,,"Mullangi Sanjeevappa Street, Ballari, Karnataka, India",,,FAILED,LOW,,,No matching results across all query passes,FAILED_NO_RESULT,
tc-074,Neelamma Basaveshwara Industrial Training Centre Bellary,"Mullangi Sanjeevappa Street, Bellary",Ballari,,"Mullangi Sanjeevappa Street, Ballari, Karnataka, India",,,FAILED,LOW,,,No matching results across all query passes,FAILED_NO_RESULT,
tc-075,"Sri Gurukottureshwara Rural ITI, Emmiganur",Emmiganur,Ballari,,"Emmiganur, Ballari, Karnataka, India",,,FAILED,LOW,,,No matching results across all query passes,FAILED_NO_RESULT,
tc-076,"Srikari I.T.C., Ranipet, Hospet, Bellary",Hospet,Ballari,,"Hospet, Ballari, Karnataka, India",15.273652,76.385619,SUCCESS,HIGH,osm-nominatim,"K.L.S Hospital - Hospet, Bellary - Hubli Road, Amaravati, Hosapete, Hosapete taluk, Ballari, Karnataka, 583201, India","High confidence match (Score 78.0): Country=India (+25); State=Karnataka (+25); District matched (+20); Token overlap ['bellary', 'hospet'] (+8)",,2026-09-06T06:19:35.476697+00:00
tc-077,T M A E S Industrial Training Institute Hospet,Bellary Road Hospet,Ballari,,"Bellary Road Hospet, Karnataka, India",15.268583,76.404893,SUCCESS,HIGH,osm-nominatim,"Bellary Bypass Road, Anantashayanagudi, Hosapete, Hosapete taluk, Vijayanagara, Karnataka, 583200, India",High confidence match (Score 83.0): Country=India (+25); State=Karnataka (+25); District matched (+20); Token overlap ['bellary'] (+8); Plausible POI (highway/tertiary) (+5),,2026-09-06T06:19:35.476947+00:00
tc-078,Vishweshwaraiya Private ITI Hosapete,"Sandur Road, Hosapete",Ballari,,"Sandur Road, Ballari, Karnataka, India",14.982649,76.518232,SUCCESS,HIGH,osm-nominatim,"Bommaghatta Sandur Road, Ankammanahalu, Sanduru taluk, Ballari, Karnataka, 583119, India",High confidence match (Score 83.0): Country=India (+25); State=Karnataka (+25); District matched (+20); Token overlap ['sandur'] (+8); Plausible POI (highway/tertiary) (+5),,2026-09-06T06:19:35.477140+00:00
tc-079,Dr. B.R. Ambedkar Industrial Training Institute Hospet,Anantha Shayana Gudi Hospet,Ballari,,"Anantha Shayana Gudi Hospet, Ballari, Karnataka, India",,,FAILED,LOW,,,No matching results across all query passes,FAILED_NO_RESULT,
tc-080,"Jagadguru Kotturswamy ITI, Bellary","Ganesh Gudi Beedi, Bellary",Ballari,,"Ganesh Gudi Beedi, Ballari, Karnataka, India",,,FAILED,LOW,,,No matching results across all query passes,FAILED_NO_RESULT,
tc-081,Sri Hanumanthappa ITI Mariyammanahalli,"Mariyammanahalli, Hospet TQ.",Ballari,,"Mariyammanahalli, Hospet, Karnataka, India",15.161115,76.358454,SUCCESS,HIGH,osm-nominatim,"Primary Health Centre, Mariyammanahalli, Hosapete - Harihara Road, Mariyammanahalli, Hosapete taluk, Vijayanagara, Karnataka, 583222, India",High confidence match (Score 78.0): Country=India (+25); State=Karnataka (+25); District matched (+20); Token overlap ['mariyammanahalli'] (+8),,2026-09-06T06:19:35.477604+00:00
tc-082,Sri Bharath Industrial Training Centre,Hosa Daroji Post Tq. Sandur,Ballari,,"Hosa Daroji Post . Sandur, Ballari, Karnataka, India",,,FAILED,LOW,,,No matching results across all query passes,FAILED_NO_RESULT,
tc-083,"Shri Kumar Swamy ITI Sandur, Bellary","Sandur, Sandur (T)",Ballari,,"Sandur, Ballari, Karnataka, India",15.083275,76.543411,SUCCESS,HIGH,osm-nominatim,"Sanduru, Sanduru taluk, Ballari, Karnataka, 583119, India",High confidence match (Score 75.0): Country=India (+25); State=Karnataka (+25); District matched (+20); Plausible POI (place/town) (+5),,2026-09-06T06:19:35.477913+00:00
tc-084,"Sri Veerabadreshwara ITI, Shirur",Shirur,Bagalkot,,"Shirur, Bagalkot, Karnataka, India",16.158549,75.669537,SUCCESS,HIGH,osm-nominatim,"Shirur Memorial Hospital, SH57, Sulikeri, Bagalakote taluk, Bagalkote, Karnataka, 587103, India",High confidence match (Score 78.0): Country=India (+25); State=Karnataka (+25); District matched (+20); Token overlap ['shirur'] (+8),,2026-09-06T06:19:35.478046+00:00
tc-085,"Shrimann Madhwacharya Private Industrial Training Institute, Bagalkot",Badami Road Near Old APMC Bagalkot,Bagalkot,,"Badami Road Old APMC Bagalkot, Bagalkot, Karnataka, India",,,FAILED,LOW,,,No matching results across all query passes,FAILED_NO_RESULT,
tc-086,Vishwa Bharti ITI Telasang,Tel Sang Athani T.Q,Belagavi,,"Tel Sang Athani T.Q, Belagavi, Karnataka, India",,,FAILED,LOW,,,No matching results across all query passes,FAILED_NO_RESULT,
tc-087,"Komalanna Doddanannavar Bharatesh Pvt ITI, Belgaum",Basavan Kudachi Extension Belgaum,Belagavi,,"Basavan Kudachi Extension Belgaum, Belagavi, Karnataka, India",,,FAILED,LOW,,,No matching results across all query passes,FAILED_NO_RESULT,
tc-088,Vidyaniketan Rural I.T.I. Manhalli,Manhalli Tq & Dist Bidar,Bidar,,"Manhalli & Bidar, Bidar, Karnataka, India",17.762798,77.504546,SUCCESS,HIGH,osm-nominatim,"Manhalli Primary Health Centre, SH122, Mannalli, Sindola, Bidar taluku, Bidar, Karnataka, 585403, India","High confidence match (Score 78.0): Country=India (+25); State=Karnataka (+25); District matched (+20); Token overlap ['bidar', 'manhalli'] (+8)",,2026-09-06T06:19:35.478624+00:00
tc-089,Hind I.T.I. Mahadev Complex Udgir Road Shiv Nagar Bidar,"Near, Papnash Gate Mahadev Complex Udgir Road Bidar",Bidar,,"Papnash Gate Mahadev Complex Udgir Road Bidar, Bidar, Karnataka, India",,,FAILED,LOW,,,No matching results across all query passes,FAILED_NO_RESULT,
tc-090,Shri Sanganabasaveshwar Private industrial Training institute Lachyan,Post Lachyan Tq Indi,Vijayapura,,"Post Lachyan Indi, Vijayapura, Karnataka, India",,,FAILED,LOW,,,No matching results across all query passes,FAILED_NO_RESULT,
tc-091,"Karnataka ITI, Sindhagi",Sindhagi,Vijayapura,,"Sindhagi, Vijayapura, Karnataka, India",,,FAILED,LOW,,,No matching results across all query passes,FAILED_NO_RESULT,
tc-092,JSS Private Industrial Training Institute,"Main Road, Mariyala",Chamarajanagar,,"Main Road, Chamarajanagar, Karnataka, India",11.929324,76.942012,SUCCESS,HIGH,osm-nominatim,"1st Main Road, Chamarajanagara, Chamarajanagara taluk, Chamarajanagar, Karnataka, 571313, India",High confidence match (Score 75.0): Country=India (+25); State=Karnataka (+25); District matched (+20); Plausible POI (highway/residential) (+5),,2026-09-06T06:19:35.479267+00:00
tc-093,Sri Vivekananda Industrial Training Institute,B R Hills Yalandur,Chamarajanagar,,"B R Hills Yalandur, Chamarajanagar, Karnataka, India",,,FAILED,LOW,,,No matching results across all query passes,FAILED_NO_RESULT,
tc-094,Sir M. Visveswaraiah Industrial Training Institute,C.V.V.Campus,Chikkaballapura,,"C.V.V.Campus, Chikkaballapura, Karnataka, India",,,FAILED,LOW,,,No matching results across all query passes,FAILED_NO_RESULT,
tc-095,S.R.S Industrial Training Centre Begepalli Town,Kotha Palli Road Bagepalli,Chikkaballapura,,"Kotha Palli Road Bagepalli, Chikkaballapura, Karnataka, India",,,FAILED,LOW,,,No matching results across all query passes,FAILED_NO_RESULT,
tc-096,Sri Jagadguru Renukacharya Institute of Technology,"Balehonnur, renuka nagar",Chikkamagaluru,,"Balehonnur, Chikkamagaluru, Karnataka, India",13.347882,75.46167,SUCCESS,HIGH,osm-nominatim,"Government Hospital, Balehonnur, SH27, Sigodu, Narasimharajapura taluk, Chikkamagaluru, Karnataka, 577112, India",High confidence match (Score 83.0): Country=India (+25); State=Karnataka (+25); District matched (+20); Token overlap ['balehonnur'] (+8); Plausible POI (amenity/hospital) (+5),,2026-09-06T06:19:35.479813+00:00
tc-097,Sri Dharmastala Manjunatheshwara ITI,"Via Kalasa Mudigere, SAMSE",Chikkamagaluru,,"Via Kalasa Mudigere, Chikkamagaluru, Karnataka, India",,,FAILED,LOW,,,No matching results across all query passes,FAILED_NO_RESULT,
tc-098,"Azad Minorities Industrial Training Centre, Challakere","T.R.Nagar, challakere",Chitradurga,,"T.R.Nagar, Chitradurga, Karnataka, India",,,FAILED,LOW,,,No matching results across all query passes,FAILED_NO_RESULT,
tc-099,T M A E S Industrial Training Institute Hiriyur,Hiriyur,Chitradurga,,"Hiriyur, Chitradurga, Karnataka, India",13.944324,76.616741,SUCCESS,HIGH,osm-nominatim,"Hiriyur, Hiriyuru taluk, Chitradurga, Karnataka, 572143, India",High confidence match (Score 83.0): Country=India (+25); State=Karnataka (+25); District matched (+20); Token overlap ['hiriyur'] (+8); Plausible POI (/town) (+5),,2026-09-06T06:19:35.480221+00:00
tc-100,Seyyid Madani ITI,"Ombathukere, Ullal, Mangalore",Dakshina Kannada,,"Ombathukere, Mangaluru, Karnataka, India",,,FAILED,LOW,,,No matching results across all query passes,FAILED_NO_RESULT,
tc-101,Sri Dharmasthala Manjunatheshwara ITI,"Venur, Belthangady Taluk",Dakshina Kannada,,"Sri Dharmasthala Manjunatheshwara, Mangaluru, Karnataka, India",12.883123,74.838915,SUCCESS,HIGH,osm-nominatim,"Sri Dharmasthala Manjunatheshwara Eye Hospital, Mahatma Gandhi Road, Ladyhill, Mangaluru, Mangaluru taluk, Dakshina Kannada, Karnataka, 575003, India","High confidence match (Score 83.0): Country=India (+25); State=Karnataka (+25); District matched (+20); Token overlap ['dharmasthala', 'manjunatheshwara'] (+8); Plausible POI (amenity/hospital) (+5)",,2026-09-06T06:19:35.480560+00:00
tc-102,Sri Kolushanthehwara I.T.C,Arasikere Harapanahalli,Davanagere,,"Arasikere Harapanahalli, Karnataka, India",14.668824,76.071356,SUCCESS,HIGH,osm-nominatim,"CHC Arasikere, SH 47, Pavanapura, Arasikeri, Harapanahalli taluku, Vijayanagara, Karnataka, 583125, India","High confidence match (Score 78.0): Country=India (+25); State=Karnataka (+25); District matched (+20); Token overlap ['arasikere', 'harapanahalli'] (+8)",,2026-09-06T06:19:35.480738+00:00
tc-103,Usmaniya Industrial Training Institute,Kerebilichi (POST) CHANNAGIRI TQ DAVANAGERE DIST,Davanagere,,"Kerebilichi POST CHANNAGIRI DAVANAGERE, Davanagere, Karnataka, India",,,FAILED,LOW,,,No matching results across all query passes,FAILED_NO_RESULT,
tc-104,"Sanjaya Grameena Vidya Samsthe Industrial Training IInstitute, Holealur","Holealur, Gadag Distt.",Gadag,,"Holealur, Gadag, Karnataka, India",15.824167,75.648115,SUCCESS,HIGH,osm-nominatim,"Holealur PHC, SH83, Hole Aluru, Rona taluku, Gadag, Karnataka, 582203, India","High confidence match (Score 78.0): Country=India (+25); State=Karnataka (+25); District matched (+20); Token overlap ['holealur', 'gadag'] (+8)",,2026-09-06T06:19:35.481331+00:00
tc-105,Sri Jagadguru Tontadarya I T I Dambal,"DAMBAL, Tq: Mundargi, Dt;Gadag",Gadag,,"DAMBAL, Gadag, Karnataka, India",15.296009,75.777204,SUCCESS,HIGH,osm-nominatim,"Government Hospital, Dambal, SH45, Ashraya Badavane, Kadampura, Mundargi taluku, Gadag, Karnataka, 582113, India","High confidence match (Score 90.0): Country=India (+25); State=Karnataka (+25); District matched (+20); Strong token overlap ['dambal', 'mundargi', 'gadag'] (+15); Plausible POI (amenity/hospital) (+5)",,2026-09-06T06:19:35.481557+00:00
tc-106,Sri Adichunchanagiri I.T.C Cannarayapattana,Channarayapattana,Hassan,,"Channarayapattana, Hassan, Karnataka, India",12.906877,76.389564,SUCCESS,HIGH,osm-nominatim,"Channarayapattana, Channarayapattana taluk, Hassan, Karnataka, 573116, India",High confidence match (Score 83.0): Country=India (+25); State=Karnataka (+25); District matched (+20); Token overlap ['channarayapattana'] (+8); Plausible POI (/town) (+5),,2026-09-06T06:19:35.481714+00:00
tc-107,Sri Rameshwara I.T.C Arasikere,"Arasikere, B.H Road",Hassan,,"Arasikere, Hassan, Karnataka, India",13.315981,76.256849,SUCCESS,HIGH,osm-nominatim,"Arasikere, Arasikere taluku, Hassan, Karnataka, 573103, India",High confidence match (Score 83.0): Country=India (+25); State=Karnataka (+25); District matched (+20); Token overlap ['arasikere'] (+8); Plausible POI (place/town) (+5),,2026-09-06T06:19:35.481874+00:00
tc-108,"TMAE Tonkada Veerappa Industrail Training Institute, Haveri","TMAE Tonk Veer I.T.C, Haveri",Haveri,,"TMAE Tonk Veer I.T.C, Haveri, Karnataka, India",,,FAILED,LOW,,,No matching results across all query passes,FAILED_NO_RESULT,
tc-109,"T M A E S Sri Maharshi Valmiki ITI for Women, Ranebennur",Ranebennur,Haveri,,"Ranebennur, Haveri, Karnataka, India",14.61658,75.634153,SUCCESS,HIGH,osm-nominatim,"Ranebennur, Ranebennuru taluk, Haveri, Karnataka, 581115, India",High confidence match (Score 78.0): Country=India (+25); State=Karnataka (+25); District matched (+20); Token overlap ['ranebennur'] (+8),,2026-09-06T06:19:35.482191+00:00
tc-110,"KVG ITC, Bhagamandala",Madikeri,Kodagu,,"Madikeri, Kodagu, Karnataka, India",12.42149,75.738754,SUCCESS,HIGH,osm-nominatim,"Madikeri, Madikeri taluku, Kodagu, Karnataka, 571201, India",High confidence match (Score 83.0): Country=India (+25); State=Karnataka (+25); District matched (+20); Token overlap ['madikeri'] (+8); Plausible POI (/town) (+5),,2026-09-06T06:19:35.482332+00:00
tc-111,Kalpaturu Industrial Training Centre Kushal Nagar,Somwarpet Taluk,Kodagu,,"Somwarpet, Kodagu, Karnataka, India",12.597188,75.846687,SUCCESS,HIGH,osm-nominatim,"Somwarpet, Somawarpet taluk, Kodagu, Karnataka, 571236, India",High confidence match (Score 83.0): Country=India (+25); State=Karnataka (+25); District matched (+20); Token overlap ['somwarpet'] (+8); Plausible POI (place/town) (+5),,2026-09-06T06:19:35.482494+00:00
tc-112,Noorie Industrial Training Centre Andersopet,"Andersopet, K.G.F.-563113",Kolar,,"563113, Kolar, Karnataka, India",,,AMBIGUOUS,AMBIGUOUS,osm-nominatim,"State Bank of India, NH75, Maderahalli, Kolar taluk, Kolar, Karnataka, 563133, India",Multiple distant candidates (>25km) in PASS_4_PIN,AMBIGUOUS,
tc-113,Kengal Hanumantaiah Industrial Training Centre Bethamangala,Bethamangala,Kolar,,"Bethamangala, Kolar, Karnataka, India",13.005398,78.330362,SUCCESS,HIGH,osm-nominatim,"Bethamangala, Kolar Gold Field taluk, Kolar, Karnataka, 563116, India",High confidence match (Score 83.0): Country=India (+25); State=Karnataka (+25); District matched (+20); Token overlap ['bethamangala'] (+8); Plausible POI (/town) (+5),,2026-09-06T06:19:35.482954+00:00
tc-114,Veera Neelambika Industrial Training Institute,"Shastri Nagar, Agalkere Po. Gangavathi Tq. Koppal Dt.",Koppal,,"Shastri Nagar, Koppal, Karnataka, India",,,FAILED,LOW,,,No matching results across all query passes,FAILED_NO_RESULT,
tc-115,Sri Jagadguru Tontadarya I.T.I Mandalagiri,"Mandalagiri, Taluk: Yalaburga",Koppal,,"Mandalagiri, Koppal, Karnataka, India",,,FAILED,LOW,,,No matching results across all query passes,FAILED_NO_RESULT,
tc-116,"Sri Adichunchanagiri Private I.T.I, Melukote","Melukote, Pandavapura, Mandya Dist.-571431",Mandya,,"Melukote, Mandya, Karnataka, India",12.662405,76.649649,SUCCESS,HIGH,osm-nominatim,"Melukote, Pandavapura taluk, Mandya, Karnataka, 571431, India","High confidence match (Score 105.0): Country=India (+25); State=Karnataka (+25); District matched (+20); PIN match 571431 (+15); Strong token overlap ['pandavapura', 'mandya', 'melukote'] (+15); Plausible POI (place/town) (+5)",,2026-09-06T06:19:35.483476+00:00
tc-117,Sri Ranganatha I.T.C B.R Koppalu,"Baburayana Koppalu, Srirangapatna Tq",Mandya,,"Baburayana Koppalu, Mandya, Karnataka, India",12.428373,76.702519,SUCCESS,HIGH,osm-nominatim,"Baburayana Koppalu, Srirangapattana taluk, Mandya, Karnataka, 571477, India","High confidence match (Score 83.0): Country=India (+25); State=Karnataka (+25); District matched (+20); Token overlap ['baburayana', 'koppalu'] (+8); Plausible POI (place/village) (+5)",,2026-09-06T06:19:35.483658+00:00
tc-118,Basava Industrial Training Institute Manvi,P.L.D Bank Building Near Kalmat School Manvi.,Raichur,,"P.L.D Bank Building Kalmat School Manvi, Raichur, Karnataka, India",,,FAILED,LOW,,,No matching results across all query passes,FAILED_NO_RESULT,
tc-119,Shakthi Nagar Industrial Training Institute,SHAKTINAGAR,Raichur,,"SHAKTINAGAR, Raichur, Karnataka, India",16.363159,77.358502,SUCCESS,HIGH,osm-nominatim,"Mohammadiya Masjid. Shaktinagar., NH167, Shaktinagara, Yadlapuru, Rayachuru taluku, Raichur, Karnataka, 584201, India",High confidence match (Score 78.0): Country=India (+25); State=Karnataka (+25); District matched (+20); Token overlap ['shaktinagar'] (+8),,2026-09-06T06:19:37.431655+00:00
tc-120,"Hombegowda Industrail Training Centre, Kengal","Kengal, Channapatna",Ramanagara,,"Kengal, Ramanagara, Karnataka, India",,,FAILED,LOW,,,No matching results across all query passes,FAILED_NO_RESULT,
tc-121,SLNM Industrial Training Centre Cannapatna,"1535, Loyada Beedi Channpatna",Ramanagara,,"Loyada Beedi Channpatna, Ramanagara, Karnataka, India",,,FAILED,LOW,,,No matching results across all query passes,FAILED_NO_RESULT,
tc-122,Ananya Rural ITC,"Ayanur, Shimoga",Shivamogga,,"Ayanur, Shivamogga, Karnataka, India",14.01406,75.432668,SUCCESS,HIGH,osm-nominatim,"CHC, Ayanur, Sagara Road, Ayanuru, Shivamogga taluk, Shimoga, Karnataka, 577211, India","High confidence match (Score 78.0): Country=India (+25); State=Karnataka (+25); District matched (+20); Token overlap ['shimoga', 'ayanur'] (+8)",,2026-09-06T06:19:59.314208+00:00
tc-123,Sumauka Industrial Training Centre Anandapuram,Anandapuram Sagara(T),Shivamogga,,"Anandapuram Sagara T, Shivamogga, Karnataka, India",,,FAILED,LOW,,,No matching results across all query passes,FAILED_NO_RESULT,
tc-124,Sri T.V. Venkataswamy Industrial Training Centre,G.B.N. Road Madhugiri,Tumakuru,,"G.B.N. Road Madhugiri, Tumakuru, Karnataka, India",,,FAILED,LOW,,,No matching results across all query passes,FAILED_NO_RESULT,
tc-125,CSI Vocational Training Centre,PB No 101 B.H. Road,Tumakuru,,"PB B.H. Road, Tumakuru, Karnataka, India",13.335682,77.121315,SUCCESS,HIGH,osm-nominatim,"Bengaluru Honnavara Road, Kyatasandra, Tumakuru, Tumkur taluk, Tumakuru, Karnataka, 572101, India",High confidence match (Score 75.0): Country=India (+25); State=Karnataka (+25); District matched (+20); Plausible POI (highway/primary) (+5),,2026-09-06T06:20:14.586798+00:00
tc-126,Barkur National Industrial Training Centre,"Haradi Village, barkur PO, Udupi Tq",Udupi,,"Haradi Village, Udupi, Karnataka, India",13.428944,74.720807,SUCCESS,HIGH,osm-nominatim,"Haradi, Brahmavara taluku, Udupi, Karnataka, 576213, India","High confidence match (Score 83.0): Country=India (+25); State=Karnataka (+25); District matched (+20); Token overlap ['udupi', 'haradi'] (+8); Plausible POI (place/village) (+5)",,2026-09-06T06:20:16.203212+00:00
tc-127,"Rev. Fr. Robert Z. M. D'Souza Memorial Pvt. ITI, Nada","Nada, Padukone, Kundapura Tq.",Udupi,,"Nada, Udupi, Karnataka, India",13.74011,74.670064,SUCCESS,HIGH,osm-nominatim,"Government Higher Primary School, Kadike, Nada, NH66, Hosadu, ನಾಗೂರು, Bainduru taluku, Udupi, Karnataka, 576224, India",High confidence match (Score 83.0): Country=India (+25); State=Karnataka (+25); District matched (+20); Token overlap ['nada'] (+8); Plausible POI (amenity/school) (+5),,2026-09-06T06:20:18.469316+00:00
tc-128,Bharath Liberal Educational Trust ITI Dandeli,GANDHINAGAR DANDELI,Uttara Kannada,,"GANDHINAGAR DANDELI, Uttara Kannada, Karnataka, India",,,FAILED,LOW,,,No matching results across all query passes,FAILED_NO_RESULT,
tc-129,Mazzarello Private Industrial Training Institute kasarkod,"Upperkasarkod, Kelaginoor, Honavar",Uttara Kannada,,"Upperkasarkod, Uttara Kannada, Karnataka, India",,,FAILED,LOW,,,No matching results across all query passes,FAILED_NO_RESULT,
tc-130,Shree basavajyoti ITI kodekal,post- kodekal Tq - Surupur Dist Yadigiri,Yadgir,,"post- kodekal - Surupur Yadigiri, Yadgir, Karnataka, India",,,FAILED,LOW,,,No matching results across all query passes,FAILED_NO_RESULT,
tc-131,Charabasaveshwara Industrial Training Centre,"opposite to karnataka electrical board, shahapur",Yadgir,,"to karnataka electrical board, Yadgir, Karnataka, India",,,FAILED,LOW,,,No matching results across all query passes,FAILED_NO_RESULT,
tc-132,"Govt Industrial Training Institute, Davanagere (MIS GU29000048)",REQUIRES OFFICIAL SOURCE VERIFICATION,Davanagere,,,,,FAILED,NONE,,,Placeholder / unverified address ('REQUIRES OFFICIAL SOURCE VERIFICATION'),PLACEHOLDER,
tc-133,"Govt ITI, Koratagere (MIS GR29001513)",REQUIRES OFFICIAL SOURCE VERIFICATION,Tumakuru,Koratagere,,,,FAILED,NONE,,,Placeholder / unverified address ('REQUIRES OFFICIAL SOURCE VERIFICATION'),PLACEHOLDER,
tc-134,"Govt. ITI, BEML Nagar, KGF (MIS GU29000015)","BEML Nagar, Kolar Gold Fields - 563115",Kolar,,"BEML Nagar, Kolar, Karnataka, India",12.996576,78.238585,SUCCESS,HIGH,osm-nominatim,"BEML Nagar, Kattihalli, Bangarapet taluk, Kolar, Karnataka, 563115, India","High confidence match (Score 98.0): Country=India (+25); State=Karnataka (+25); District matched (+20); PIN match 563115 (+15); Token overlap ['kolar', 'beml'] (+8); Plausible POI (place/locality) (+5)",,2026-09-06T06:21:19.686761+00:00
tc-135,"Govt Industrial Training Institute, Anekal Nagara (MIS GU29001424)",REQUIRES OFFICIAL SOURCE VERIFICATION,Bengaluru Urban,Anekal,,,,FAILED,NONE,,,Placeholder / unverified address ('REQUIRES OFFICIAL SOURCE VERIFICATION'),PLACEHOLDER,
tc-136,"Govt. ITI, Beguru (MIS GR29000925)",REQUIRES OFFICIAL SOURCE VERIFICATION,Mysuru,Nanjangud,,,,FAILED,NONE,,,Placeholder / unverified address ('REQUIRES OFFICIAL SOURCE VERIFICATION'),PLACEHOLDER,
tc-137,"Government Industrial Training Institute, Maddur (MIS GR29000400)",REQUIRES OFFICIAL SOURCE VERIFICATION,Mandya,Maddur,,,,FAILED,NONE,,,Placeholder / unverified address ('REQUIRES OFFICIAL SOURCE VERIFICATION'),PLACEHOLDER,
tc-138,"Govt ITI, Chamarajanagar (MIS GU29001514)",REQUIRES OFFICIAL SOURCE VERIFICATION,Chamarajanagar,,,,,FAILED,NONE,,,Placeholder / unverified address ('REQUIRES OFFICIAL SOURCE VERIFICATION'),PLACEHOLDER,
tc-139,"Government Industrial Training Institute, N R Mohalla, Mysore-07 (MIS GU29000053)","N R Mohalla, Mysuru - 570007",Mysuru,,"N R Mohalla, Mysuru, Karnataka, India",12.326871,76.665268,SUCCESS,HIGH,osm-nominatim,"N.R. Mohalla, Narasimharaja Mohalla, Mysuru, Mysuru taluk, Mysuru District, Karnataka, 570001, India","High confidence match (Score 78.0): Country=India (+25); State=Karnataka (+25); District matched (+20); Token overlap ['mysuru', 'mohalla'] (+8)",,2026-09-06T06:21:22.258209+00:00
tc-140,"Govt Industrial Training Institute, Malavalli (MIS GU29000158)",REQUIRES OFFICIAL SOURCE VERIFICATION,Mandya,Malavalli,,,,FAILED,NONE,,,Placeholder / unverified address ('REQUIRES OFFICIAL SOURCE VERIFICATION'),PLACEHOLDER,
